,review,cleaning
0,"우선 클로젯셰어 서비스에 대해서 굉장히 만족하고 있습니다. 마음에 드는 옷이 대여중인 경우가 더 많다는것은 아쉽지만, 사람 눈은 다 똑같으니까요..😢 앱 구현도 굉장히 잘 되는 편입니다. 속도도 빠르고 구현이 직관적이며 분류도 잘 되어있습니다. 다만 지금은 필요한 종류의 옷을 검색으로 찾을 만큼 분류가 세분화되진 않은것같아서, 아우터, 드레스, 상의, 하의보다 더 세분화된 카테고리가 있으면 더 좋을 것 같습니다.",우선클로젯셰어서비스에대해서굉장히만족하고있습니다마음에드는옷이대여중인경우가더많다는것은아쉽지만사람눈은다똑같으니까요앱구현도굉장히잘되는편입니다속도도빠르고구현이직관적이며분류도잘되어있습니다다만지금은필요한종류의옷을검색으로찾을만큼분류가세분화되진않은것같아서아우터드레스상의하의보다더세분화된카테고리가있으면더좋을것같습니다
1,"아이디어는 너무 괜찮으나 어플, CS 모두 엉망임 특히 고객센터 응대는 전부터 느꼈지만 메뉴얼이 없는 듯한 느낌. 현재 안드로이드 몇 기종에서 어플이 안열리는 상황이고, 이 상황이 며칠째 이어지고 있는데 공지 하나 없으며 카톡으로만 제공하는 고객센터에 문의하니 어플이 언제 재개 될 지는 모른다는 답 뿐.. 광고는 계속 오더만 오류에 대한 공지는 하나도 없고 현황도 고객센터 물어야만 알 수 있으며, 언제 해결될지는 아무도 모름ㅎㅎ 오류가 꽤 오래 계속 되고 있는데 이런 대처는 도저히 이해할 수 없음. 광고 전에 CS와 어플 개선에 대...
전체 리뷰",아이디어는너무괜찮으나어플CS모두엉망임특히고객센터응대는전부터느꼈지만메뉴얼이없는듯한느낌현재안드로이드몇기종에서어플이안열리는상황이고이상황이며칠째이어지고있는데공지하나없으며카톡으로만제공하는고객센터에문의하니어플이언제재개될지는모른다는답뿐광고는계속오더만오류에대한공지는하나도없고현황도고객센터물어야만알수있으며언제해결될지는아무도모름ㅎㅎ오류가꽤오래계속되고있는데이런대처는도저히이해할수없음광고전에CS와어플개선에대전체리뷰
2,굉장히 느리고 멈추고 앱 구현이 잘 안됩니다 2년전에도 그랬는데 개선이 안됐네요 카테고리도 세분화가 필요하보이며 cs도 개선이 필요해보입니다..,굉장히느리고멈추고앱구현이잘안됩니다2년전에도그랬는데개선이안됐네요카테고리도세분화가필요하보이며cs도개선이필요해보입니다
3,어플이 안열리네요. 내일 제 옷 수거해가는 날짜로 잡아놨는데 어떻게 진행되는지 확인도 못하게 생겼어요ㅜ 개선이 언제 될까요,어플이안열리네요내일제옷수거해가는날짜로잡아놨는데어떻게진행되는지확인도못하게생겼어요ㅜ개선이언제될까요
4,어플이 버거워서 그런지 버퍼가 되는경우가 있는데 서비스자체는 유용해서 자주 사용하고 있어요~^_^,어플이버거워서그런지버퍼가되는경우가있는데서비스자체는유용해서자주사용하고있어요
5,나만그런게아니엇네..어플안켜져요그적게부터...;;평소에도 페이지 넘어가는거넘 오래걸리고 편리한어플은아니엇는데 그냥 구독서비스땜에 쓰는거지,나만그런게아니엇네어플안켜져요그적게부터평소에도페이지넘어가는거넘오래걸리고편리한어플은아니엇는데그냥구독서비스땜에쓰는거지
6,어플이 안열려요 대체 무슨일..? 빨리 해결해주세요.. 어플 키면 그냥 바로 꺼져요,어플이안열려요대체무슨일빨리해결해주세요어플키면그냥바로꺼져요
7,앱 자꾸 꺼짐. 걍 꺼짐. 다시 깔아도 꺼짐. 기본적인 오류 체크도 안함?,앱자꾸꺼짐걍꺼짐다시깔아도꺼짐기본적인오류체크도안함
8,열리지 않아요...ㅠㅠ 지우고 다시 깔아도 마찬가지.,열리지않아요ㅠㅠ지우고다시깔아도마찬가지
9,앱 왜 뒤로가기만 눌러도 계속 꺼져요?,앱왜뒤로가기만눌러도계속꺼져요
10,제발 앱좀.. 수정보완을 하던지해주세요. 취지는 좋은데 매번 앱때문에 짜증남 ㅡㅡ,제발앱좀수정보완을하던지해주세요취지는좋은데매번앱때문에짜증남ㅡㅡ
11,앱 종료오류빨리고쳐주세요,앱종료오류빨리고쳐주세요
12,왜 켜졋다가도 꺼지는거죠..... 불안정항가요,왜켜졋다가도꺼지는거죠불안정항가요
13,업데이트 이후 어플이 안켜집니다.,업데이트이후어플이안켜집니다
14,저도 같은 증상이... 앱이 왜 정지된건가요?,저도같은증상이앱이왜정지된건가요
15,어플이너무오랬동안안되요ㅜㅜ,어플이너무오랬동안안되요ㅜㅜ
16,"어플이 안켜져요,, 왜이러죠",어플이안켜져요왜이러죠
17,앱자꾸꺼짐 해결이 당장필요하네요,앱자꾸꺼짐해결이당장필요하네요
18,"사용할수록 실망스러운 서비스 1년 이상 사용 월정기과금 가입자입니다. 한달에 15만원씩 그리고 매달 최소 5만원이상 추가 결재합니다. 처음엔 좋은 브랜드도 많았고 고퀄 제품도 많았는데, 이제는 낡은 옷들과 비선호 브랜드 외에는 주문이 어렵습니다. 사용자 대비 제품이 없으니 주문 할 만한 제품이 없습니다. 프로모션은 신규 가입자를 위한 것일뿐 기존 충성 고객에 대한 혜택은 하나도 없습니다. 그나마 빌린옷은 사이즈가 개판이라 어떤건 작아 못입고 어떤건 커서 못입습니다. 많이 실망스럽습니다. 탈퇴할까 합니다.",사용할수록실망스러운서비스1년이상사용월정기과금가입자입니다한달에15만원씩그리고매달최소5만원이상추가결재합니다처음엔좋은브랜드도많았고고퀄제품도많았는데이제는낡은옷들과비선호브랜드외에는주문이어렵습니다사용자대비제품이없으니주문할만한제품이없습니다프로모션은신규가입자를위한것일뿐기존충성고객에대한혜택은하나도없습니다그나마빌린옷은사이즈가개판이라어떤건작아못입고어떤건커서못입습니다많이실망스럽습니다탈퇴할까합니다
19,"특별한 날 특별한 옷 입고 싶을 때, 사기에는 조금 부담스러운 옷이나 가방을 입어보고 싶을 때 정말 좋아요. 사진 후기도 많은 편이라 렌트할때도 도움되고 무엇보다 예쁜 옷들이 많아 좋네요. 앞으로도 자주 이용할 계획입니다 :)",특별한날특별한옷입고싶을때사기에는조금부담스러운옷이나가방을입어보고싶을때정말좋아요사진후기도많은편이라렌트할때도도움되고무엇보다예쁜옷들이많아좋네요앞으로도자주이용할계획입니다
20,앱이 그냥 안 열려요...,앱이그냥안열려요
21,어플이 계속 꺼져요 테스트도 안하고 릴리즈부터 막 하나요?,어플이계속꺼져요테스트도안하고릴리즈부터막하나요
22,서비스 의도는 너무 좋음. 환경오염도 막고 좋다이거임. 그러나 앱 속도 진짜 속터져서 옷을 고를 수가 없음. 컴퓨터로 보는 것 추천. 그리고 자동결제 해지 버튼이 없음?! 상담원과 연결해야 해지 할 수 있는 정신나간 시스템임. 자동 결제 전이라 해지하러들어갔더니 해지버튼도 없고 f&a 뒤지고 뒤져 찾아낸 답변이 상담원한테 이야기해야 해지 가능하다함. 그것도 종료 3일 전에ㅋㅋㅋ 이런거 처음 봄. 지금 주말이라 해지도 안됨ㅋㅋ 조심하세요 다들..가입은 쉽지만 해지는 니맘대로 안된단다? 뭐 이런 사이트가..,서비스의도는너무좋음환경오염도막고좋다이거임그러나앱속도진짜속터져서옷을고를수가없음컴퓨터로보는것추천그리고자동결제해지버튼이없음상담원과연결해야해지할수있는정신나간시스템임자동결제전이라해지하러들어갔더니해지버튼도없고fa뒤지고뒤져찾아낸답변이상담원한테이야기해야해지가능하다함그것도종료3일전에ㅋㅋㅋ이런거처음봄지금주말이라해지도안됨ㅋㅋ조심하세요다들가입은쉽지만해지는니맘대로안된단다뭐이런사이트가
23,"시스템은 정말좋습니다. 옷사이즈 오기, 옷상태점검 등 실망한적도 있었지만 70프로정도는 정말 만족하며 잘 사용했어요. 앱환경도 가끔버벅거려서 불편했어요. 하지만 이모든걸 감안하고도 공유옷장의 장점과 발전가능성이 무궁무진하기에 계속사용할의향은있어요. 제발 이맘 변치않도록 고객의 목소리에 귀길울여 주시기부탁드려요!",시스템은정말좋습니다옷사이즈오기옷상태점검등실망한적도있었지만70프로정도는정말만족하며잘사용했어요앱환경도가끔버벅거려서불편했어요하지만이모든걸감안하고도공유옷장의장점과발전가능성이무궁무진하기에계속사용할의향은있어요제발이맘변치않도록고객의목소리에귀길울여주시기부탁드려요
24,첫이용 결과 대만족입니다. 세탁상태도 좋구요 쇼핑몰에서 옷사면 재고들어와야 배송보내고ㅜ 바로바로안와서 미리 주문해도 원했던 날에 못받아 주문취소랑 반품을 하는일이많은데ㅠ 여긴 재고가 있는 제품만 주문할수있어서 엄청 빨리와요! 그리고 매일 새로운 제품이 올라오니까 매일매일 보게돼요!! 대여서비스가 너무좋고 배송받은 제품들이 관리가 잘되어있어서 저도 안입는 옷들이 있는데 조만간 셰어링 신청하려고요 번창하세요~!,첫이용결과대만족입니다세탁상태도좋구요쇼핑몰에서옷사면재고들어와야배송보내고ㅜ바로바로안와서미리주문해도원했던날에못받아주문취소랑반품을하는일이많은데ㅠ여긴재고가있는제품만주문할수있어서엄청빨리와요그리고매일새로운제품이올라오니까매일매일보게돼요대여서비스가너무좋고배송받은제품들이관리가잘되어있어서저도안입는옷들이있는데조만간셰어링신청하려고요번창하세요
25,"비욘드클로젯 정말 좋은데, 진짜 어플 속도ㅠㅠㅠㅠ 답답해서 울어요ㅠㅠㅠㅠㅠㅠ 어플개선 너무나도 시급합니다.... 정말정말정말루요......... 그리고 마음에 드는 옷 보고 좋아요해놓고 뒤로가기하면 다시 처음부터 봐야하는건 무슨의미인지................. 좋아서 별 4개 해놓지만 어플개선 안하면 1로 내릴래요...",비욘드클로젯정말좋은데진짜어플속도ㅠㅠㅠㅠ답답해서울어요ㅠㅠㅠㅠㅠㅠ어플개선너무나도시급합니다정말정말정말루요그리고마음에드는옷보고좋아요해놓고뒤로가기하면다시처음부터봐야하는건무슨의미인지좋아서별4개해놓지만어플개선안하면1로내릴래요
26,결혼식에 입을 마땅한 옷이 없어서 몇번 입지도 않을텐데... 비싼돈 주고 사느니 한번 빌려입어 볼까?하고 질러봤어요. 제가 렌트한옷은 상태가 모두 좋았어요. 착한가격에 신랑이랑 사이좋게 차려입고 갔더니 다들 비싼옷 사입은줄 알더라구요ㅋㅋ 뿌듯 신랑은 소매가 길어서 조금 아쉬웠어요. 사이즈실패 ㅠ 렌트하실때 본인 사이즈체크는 필수입니당. ^^ 남성복도 많아졌음 좋겠어요. 예쁘고 멋진옷 입혀주고 센스있는 와이프소리 듣고 싶어요. ^^ 좋은서비스를 제공해주셔서 감사합니다. ^^,결혼식에입을마땅한옷이없어서몇번입지도않을텐데비싼돈주고사느니한번빌려입어볼까하고질러봤어요제가렌트한옷은상태가모두좋았어요착한가격에신랑이랑사이좋게차려입고갔더니다들비싼옷사입은줄알더라구요ㅋㅋ뿌듯신랑은소매가길어서조금아쉬웠어요사이즈실패ㅠ렌트하실때본인사이즈체크는필수입니당남성복도많아졌음좋겠어요예쁘고멋진옷입혀주고센스있는와이프소리듣고싶어요좋은서비스를제공해주셔서감사합니다
27,"서비스마인드 빵점인 회사 기대하면서 옷을 골랐는데 사진빨과 화면빨에 속지말자, 몇 날 며칠 고민한 시간이 아까울정도로 옷이 낡고 못입을 수준. 게다가 약속날 입어야하는데 택배도 늦게오는바람에 결국 약속망함.근데 나중에 옷상태보니 왔어도 못입었을 수준. 자기네들이 잘못해놓고 사과조차없고 변명만 하기 바쁜업체수준. 리뷰 보고 결제할걸...돈아까움 ㅠ",서비스마인드빵점인회사기대하면서옷을골랐는데사진빨과화면빨에속지말자몇날며칠고민한시간이아까울정도로옷이낡고못입을수준게다가약속날입어야하는데택배도늦게오는바람에결국약속망함근데나중에옷상태보니왔어도못입었을수준자기네들이잘못해놓고사과조차없고변명만하기바쁜업체수준리뷰보고결제할걸돈아까움ㅠ
28,클로짓셰어에 대한 시스템이나 가격 다 맘에듭니다. 근데 어플 성능이 넘 구려요 진짜 느리고 리뷰 많이쓰려고 해도 자꾸 오류나서 열받아요,클로짓셰어에대한시스템이나가격다맘에듭니다근데어플성능이넘구려요진짜느리고리뷰많이쓰려고해도자꾸오류나서열받아요
29,항상 잘 애용하고 있습니다. 명품부터 디자이너브랜드까지... 데일리룩 특별한 날에 입을 수 있는 다양한 옷 백 등이 있어요 옷 구매하는 것보다 이득! 추천해요 :),항상잘애용하고있습니다명품부터디자이너브랜드까지데일리룩특별한날에입을수있는다양한옷백등이있어요옷구매하는것보다이득추천해요
30,제발 앱/사이트 속도 좀 개선 해주세요 ㅠ_ㅠ 몇 개월 전에 취소했다 재구독 하려고 들어왔는데 아직까지도 속도 개선이 안돼있네요. 서비스가 좋아서웬만하면 쓰고 싶은데 이 앱만 열었다하면 스트레스를 너~무 많이 받아서 그냥 재결제 포기했어요ㅠㅠ 진짜 지금 속도로는 도저히 속터져서 이용 불가 ㅠㅠ 다른 비즈니스 우선순위가 있으니까 반영을 안하시는 것이겠지만.. 저같이 속도때문에 이용 안하는 고객들 꽤 있을테니 꼭 고려해주세요... 속도만 개선되면 다시 결제할테니 제발 개선좀 부탁드립니다ㅠㅠ,제발앱사이트속도좀개선해주세요ㅠㅠ몇개월전에취소했다재구독하려고들어왔는데아직까지도속도개선이안돼있네요서비스가좋아서웬만하면쓰고싶은데이앱만열었다하면스트레스를너무많이받아서그냥재결제포기했어요ㅠㅠ진짜지금속도로는도저히속터져서이용불가ㅠㅠ다른비즈니스우선순위가있으니까반영을안하시는것이겠지만저같이속도때문에이용안하는고객들꽤있을테니꼭고려해주세요속도만개선되면다시결제할테니제발개선좀부탁드립니다ㅠㅠ
31,사실 옷의상태와 청결이 가장걱정되었는데 세탁도 너무 잘되서 새옷같아요~!예쁜옷이 많아 고민이 되네요 평소 사기는 좀 그렇고 입어보고싶었던 옷을 마음대로 입을수있어 넘 좋음~! 진짜 찐추천합니다~~!!,사실옷의상태와청결이가장걱정되었는데세탁도너무잘되서새옷같아요예쁜옷이많아고민이되네요평소사기는좀그렇고입어보고싶었던옷을마음대로입을수있어넘좋음진짜찐추천합니다
32,평소에 들고 싶었던 가방들이 많이 있어서 신나게 이용하고 있어요 빠른 배송과 택배 포장도 꼼꼼하게 잘 되어있어서 안심하고 이용할수 있습니다 중고판매 되는 상품들도 상태가 좋아서 맘에 드는거 저렴하게 구매 가능한것도 좋은거 같아요,평소에들고싶었던가방들이많이있어서신나게이용하고있어요빠른배송과택배포장도꼼꼼하게잘되어있어서안심하고이용할수있습니다중고판매되는상품들도상태가좋아서맘에드는거저렴하게구매가능한것도좋은거같아요
33,1년 넘게 클로젯셰어 사용하는 여자친구가 부러워서 남성복은 언제 나오나 문의를 하기도 했지만 드디어 남성복도 대여 서비스 시작하고 잘 사용하고 있습니다. 👍👍👍 약속을 지켜주셔서 감사합니다^^ 저도 바로 빌려서 사용해보니 옷상태도 거의 새옷이 오고 배송도 빨라서 당일 배송이라니.. 그치만 지방은 택배배송으로!! 공유의 트렌드에 맞게 저도 환경보호에 동참하면서 매일매일 새로운 옷으로 교환하면서 잘사용하고 있습니다. 클로젯셰어 이 서비스 제발 제발 오래오래 가길!! 전 개인적으로 적극적으로 추천합니다♥ 클로젯셰어 알라뷰,1년넘게클로젯셰어사용하는여자친구가부러워서남성복은언제나오나문의를하기도했지만드디어남성복도대여서비스시작하고잘사용하고있습니다약속을지켜주셔서감사합니다저도바로빌려서사용해보니옷상태도거의새옷이오고배송도빨라서당일배송이라니그치만지방은택배배송으로공유의트렌드에맞게저도환경보호에동참하면서매일매일새로운옷으로교환하면서잘사용하고있습니다클로젯셰어이서비스제발제발오래오래가길전개인적으로적극적으로추천합니다클로젯셰어알라뷰
34,"계절마다 옷을 사고, 버리면서 '이건 아니다' 생각했습니다. 환경을 지키위해 시작했는데 예상했던 것 보다 훨씬 고퀄의 브랜드, 다양한 스타일의 옷들이 있어 제 스타일링의 스펙트럼을 넓혀주고 있어요!! 환경에 부담을 주지 않고도 매일 다양한 스타일링을 시도할 수 있다니, 두 마리 토끼를 잡은 느낌🌈💜💜💜",계절마다옷을사고버리면서이건아니다생각했습니다환경을지키위해시작했는데예상했던것보다훨씬고퀄의브랜드다양한스타일의옷들이있어제스타일링의스펙트럼을넓혀주고있어요환경에부담을주지않고도매일다양한스타일링을시도할수있다니두마리토끼를잡은느낌
35,가방진짜 좋아하는데 저렴한 가격에 이쁜가방들을 렌트할 수 있어서 너무너무 행복해요.ㅠㅠ 가방한개 사려면 가격이 어마어마 하잖아요.ㅠ 좋은서비스 앞으로도 계속 쭈~욱 부탁해요.^^,가방진짜좋아하는데저렴한가격에이쁜가방들을렌트할수있어서너무너무행복해요ㅠㅠ가방한개사려면가격이어마어마하잖아요ㅠ좋은서비스앞으로도계속쭈욱부탁해요
36,어플 자체는 신선하고 정말 좋아요 그런데 앱 속도가 너무 너무 너어어무 느리고 버그도 많아서 이 모든 장점들을 덮게 돼요.. 속도만 개선된다면 별 다섯개도 적은 앱이에요,어플자체는신선하고정말좋아요그런데앱속도가너무너무너어어무느리고버그도많아서이모든장점들을덮게돼요속도만개선된다면별다섯개도적은앱이에요
37,다양한 스타일을 고를수있고~ 명품까지 입을수있어서 넘 좋아요~ 특히 한두번만 입게 되는 행사나 이벤트의상은 진짜 넘 유용하네용^^ 자주 이용할어플입니당ㅎㅎ,다양한스타일을고를수있고명품까지입을수있어서넘좋아요특히한두번만입게되는행사나이벤트의상은진짜넘유용하네용자주이용할어플입니당ㅎㅎ
38,처음 설치해서 사용했을 때보다 속도가 많이 개선되어 이제서야 리뷰를 남깁니다. 앞으로도 고객들과 소통하며 언택트 시대에 걸맞게 멋진 서비스로 더욱 발전하기를 기대할게요. 고맙습니다. :D,처음설치해서사용했을때보다속도가많이개선되어이제서야리뷰를남깁니다앞으로도고객들과소통하며언택트시대에걸맞게멋진서비스로더욱발전하기를기대할게요고맙습니다D
39,플레이스토어 앱중에 최초로 답답해서 앱지웠습니다ㅋㅋㅋㅋ 앱이 뭐 이렇게 버그도 심하고 느리고 그냥 대충 만드신건가? 이런 생각까지 들어버리네요^^ 완전 소중한경험 감사합니다ㅋㅋㅋ이런 답답한 앱은 처음입니다ㅋ,플레이스토어앱중에최초로답답해서앱지웠습니다ㅋㅋㅋㅋ앱이뭐이렇게버그도심하고느리고그냥대충만드신건가이런생각까지들어버리네요완전소중한경험감사합니다ㅋㅋㅋ이런답답한앱은처음입니다ㅋ
40,"중요한 날에 한번 입을 옷,가방 대여하려고 설치했는데 일상생활에서 입어보고 싶었던 옷들 뿐만 아니라 파티스타일,웨딩스타일 등 평소에 접하기 힘든 옷들도 대여할 수 있어서 좋아요 잘 쓰고 있어요ㅎㅎ",중요한날에한번입을옷가방대여하려고설치했는데일상생활에서입어보고싶었던옷들뿐만아니라파티스타일웨딩스타일등평소에접하기힘든옷들도대여할수있어서좋아요잘쓰고있어요ㅎㅎ
41,여러가입자들이 지적했듯 느려도 너무느림 이런앱정말 첨봄 실력이 이것밖에 안되나여~ 그래도 세번이용했어요 콘텐츠가 좋음 뭐함? 써비스가 엉망 너무불편해요,여러가입자들이지적했듯느려도너무느림이런앱정말첨봄실력이이것밖에안되나여그래도세번이용했어요콘텐츠가좋음뭐함써비스가엉망너무불편해요
42,몇 안되는 예쁘고 평상시에도 입을만한 옷들은 재빠르게 대여돼서 계절 다 지나야 반납됨,몇안되는예쁘고평상시에도입을만한옷들은재빠르게대여돼서계절다지나야반납됨
43,앱 평가하기라서 별하나 줬습니다. 서비스 자체는 괜찮으나 앱은 정말 똥이예요 ㅠ.ㅠ,앱평가하기라서별하나줬습니다서비스자체는괜찮으나앱은정말똥이예요ㅠㅠ
44,협찬받았으나 솔직한 리뷰) 아이디어 자체는 굉장히 좋은데 운영하시는 분들이 의류에 대한 지식이 좀 부족한 것 같다.,협찬받았으나솔직한리뷰아이디어자체는굉장히좋은데운영하시는분들이의류에대한지식이좀부족한것같다
45,셰어링신청 해보려고 다운받았습니다. 다행히? 신청한 가방이 통과되고 보상가격도 나왔어요. 중고로 판매하려고 했던 것보다 높게 책정되서 기분좋네요ㅋㅋ빌려도 봐야겠네요!,셰어링신청해보려고다운받았습니다다행히신청한가방이통과되고보상가격도나왔어요중고로판매하려고했던것보다높게책정되서기분좋네요ㅋㅋ빌려도봐야겠네요
46,"어플 팝업이 뜰때 오늘 그만보기를 아무리 눌러도 계속 뜸... 빌린옷 리뷰작성할때 가끔 사진첨부가 안될때가 있음. 1대1 상담기능이 언젠가부터 안됨. 그래도 어플자체의 불편함만 감수하면 옷 빌리기엔 꽤 괜찮은 곳이지만, 쉐어링하기는 굉장히 불편함. 물건 가져갈땐 빠르게 가져가는데 보낸 뒤부터 업데이트 완료까지 3주~1달쯤 기다리는건 예사다 싶을정도. 쉐어링 신청에서 반려된 제품도 돌려준다더니 지금 1달가까이 기다리고 있는데 또! 아무소식이 없다. 누가 갖다 입다가 여름끝나면 돌려주는건가..ㅎ.... 쉐어러 입장에선 그냥 쉐어링해놓고...
전체 리뷰",어플팝업이뜰때오늘그만보기를아무리눌러도계속뜸빌린옷리뷰작성할때가끔사진첨부가안될때가있음1대1상담기능이언젠가부터안됨그래도어플자체의불편함만감수하면옷빌리기엔꽤괜찮은곳이지만쉐어링하기는굉장히불편함물건가져갈땐빠르게가져가는데보낸뒤부터업데이트완료까지3주1달쯤기다리는건예사다싶을정도쉐어링신청에서반려된제품도돌려준다더니지금1달가까이기다리고있는데또아무소식이없다누가갖다입다가여름끝나면돌려주는건가ㅎ쉐어러입장에선그냥쉐어링해놓고전체리뷰
47,"리뷰 중에 가방 엉망되어 왔다는거 보고, 좀 걱정했는데 정말 그러네요. 쉬폰이랑 실크 소재 옷 보내면서 혹시나 해서 반송용 박스 같이 보내고 반려시 박스에 넣어달라고 요청드렸는데 이행되지 않았습니다. 개인 한명한명 요청사항에 대응할수 없을수도 있다 생각돼서 그 부분은 이해합니다. 하지만 옷 반려시 포장상태는 화나네요. 무슨 시장에서 산 만원,이만원 옷도 아니고 둘둘 말아서 구겨넣었네요. 반드시 접어서 봉투에 넣는게 그리 어려운 일인가요? 반려되는 옷들은 버리는거 아닙니다. 보낸 사람이 다시 입을수도 있고 다른 누군가가 입을수도 있죠...
전체 리뷰",리뷰중에가방엉망되어왔다는거보고좀걱정했는데정말그러네요쉬폰이랑실크소재옷보내면서혹시나해서반송용박스같이보내고반려시박스에넣어달라고요청드렸는데이행되지않았습니다개인한명한명요청사항에대응할수없을수도있다생각돼서그부분은이해합니다하지만옷반려시포장상태는화나네요무슨시장에서산만원이만원옷도아니고둘둘말아서구겨넣었네요반드시접어서봉투에넣는게그리어려운일인가요반려되는옷들은버리는거아닙니다보낸사람이다시입을수도있고다른누군가가입을수도있죠전체리뷰
48,"리뷰가 지워진 건가요? 어플을 사용할 수록 어이가 없어서 헛웃음이 나오네요 ㅋㅋ 관리가 안 되어있어도 너무 안 되어 있는 거 아닌가요. 가입은 어찌어찌했는데 기본적으로 앱이 잘 구동되지도 않으면 뭘 볼 수가 없잖아요. 자꾸 쿠폰 발급 창 뜨면서 멤버십 가입하라고 결제유도는 아주 적극적으로 하는 것에 비해 렉도 너무 심하고 카테고리를 보려고 누르면 아무것도 안 뜨고 한참 있다가 떠서 다른 거 보는 와중에 다른 창으로 넘어가고 이것 말고도 짜잘한 것부터 하나하나 적기도 힘들정도로 기본적인게 너무 안 되어있어요. 제 휴대폰 탓을 하기엔 ...
전체 리뷰",리뷰가지워진건가요어플을사용할수록어이가없어서헛웃음이나오네요ㅋㅋ관리가안되어있어도너무안되어있는거아닌가요가입은어찌어찌했는데기본적으로앱이잘구동되지도않으면뭘볼수가없잖아요자꾸쿠폰발급창뜨면서멤버십가입하라고결제유도는아주적극적으로하는것에비해렉도너무심하고카테고리를보려고누르면아무것도안뜨고한참있다가떠서다른거보는와중에다른창으로넘어가고이것말고도짜잘한것부터하나하나적기도힘들정도로기본적인게너무안되어있어요제휴대폰탓을하기엔전체리뷰
49,1. 이용권 구매를 결정하기 위해 옷을 보는데 이용권 사라는 팝업이 가로막고 안사면 못봄 2. 옷을 이것저것 보고 싶은데 뒤로가기만 하면 홈으로 감 3. 잠깐 다른 앱에서 뭐 하고 와도 재구동+홈으로 감 4. 한 아이템 보고 돌아오면 리스트 최상위로 돌아가있음 5. 광고 팝업 오늘은 그만보기 아무리 눌러도 꺼지지도 않음 앱이 너무 쓰기 힘들어서 화가 나서 매번 도전에 실패하네요,1이용권구매를결정하기위해옷을보는데이용권사라는팝업이가로막고안사면못봄2옷을이것저것보고싶은데뒤로가기만하면홈으로감3잠깐다른앱에서뭐하고와도재구동홈으로감4한아이템보고돌아오면리스트최상위로돌아가있음5광고팝업오늘은그만보기아무리눌러도꺼지지도않음앱이너무쓰기힘들어서화가나서매번도전에실패하네요
50,결혼식한번갈려고 옷을사기엔 부담이였는데 저렴한가격에 다양한 옷이랑 가방을 대여할수있어서 넘좋았어요 ^^,결혼식한번갈려고옷을사기엔부담이였는데저렴한가격에다양한옷이랑가방을대여할수있어서넘좋았어요
51,"의도가 정말 좋아요. 합리적인 가격에 옷을 구매가 아니라 대여 할 수 있어서 더 다양하게, 사기에는 부담스러웠던 옷등을 입을 수 있어서 좋습니다. 그렇지만 이 점도 사용을 할 수 있어야 좋은 거죠ㅠ 영상이 많아서인지 로딩이 너무 느립니다. 한번 들어가면 계속 기다려야 하고 공지를 지우다가 엉뚱한 옷을 클릭하게되고, 나가느라 또 로딩이 걸리고. 악순환의 반복입니다. 거기에 렉도 너무 많아서 사용하기가 꺼려집니다. 이런 점이 개선되면 좋을 것 같습니다. 현재로서는 사용하기 힘들고 스트레스받아 안들어가게 됩닏다:(",의도가정말좋아요합리적인가격에옷을구매가아니라대여할수있어서더다양하게사기에는부담스러웠던옷등을입을수있어서좋습니다그렇지만이점도사용을할수있어야좋은거죠ㅠ영상이많아서인지로딩이너무느립니다한번들어가면계속기다려야하고공지를지우다가엉뚱한옷을클릭하게되고나가느라또로딩이걸리고악순환의반복입니다거기에렉도너무많아서사용하기가꺼려집니다이런점이개선되면좋을것같습니다현재로서는사용하기힘들고스트레스받아안들어가게됩닏다
52,"월정액이 다음 달로 넘어갈 때 자동 결제되는데 월정액을 끊는 방법은 없네요. 그 외에도 뒤로가기 한 번만 누르면 계속 홈 화면만 나온다거나, 옷을 색상별로 필터링 해서 보려 했는데 색상필터링 버튼만 있고 실제로는 전혀 필터링 되지 않고요, 또 다른 사람이 대여중인 옷은 대여든 구매든 가격 확인이 아예 불가능합니다. 저번 달에 월정액 한 번 결제해서 잘 쓰긴 했는데 이번 달에 자동결제되어서 깜짝 놀랐네요. 결국 1:1 상담까지 가서 결제취소해달라고 했긴 했는데 아직 응답도 없습니다. 어떻게 운영을 하는건지 모르겠네요. 앱이 너무 불친...
전체 리뷰",월정액이다음달로넘어갈때자동결제되는데월정액을끊는방법은없네요그외에도뒤로가기한번만누르면계속홈화면만나온다거나옷을색상별로필터링해서보려했는데색상필터링버튼만있고실제로는전혀필터링되지않고요또다른사람이대여중인옷은대여든구매든가격확인이아예불가능합니다저번달에월정액한번결제해서잘쓰긴했는데이번달에자동결제되어서깜짝놀랐네요결국11상담까지가서결제취소해달라고했긴했는데아직응답도없습니다어떻게운영을하는건지모르겠네요앱이너무불친전체리뷰
53,"3개월차 유저입니다 모바일 서비스기획/개발만 개선되면 정말 좋은서비스일듯. 비즈니스 모델자체는 너무 훌륭하네요. Ux와 ui가 이 좋은 서비스를 못받쳐주는게 너무나 아쉽습니다. 앱사용하는게 너무나 힘들어요 정말 오랜만에 이렇게 느리고 불편한앱을 열심히 써보네요.(전단계 페이지 못보는건 진짜 서비스기획자의 센스를 의심하고싶네요 기본아닌가요ㅠㅠ).앞서 혹평주신 분들 심정 충분히 이해갑니다만 사업자체의 매력에 3점 남깁니다. 제발좀 개선해주세요. 헤비유저로서의 애정어린 부정의견은 양해부탁드려요. 상품,마케팅,cs,비즈니스전략은 만족합니다...
전체 리뷰",3개월차유저입니다모바일서비스기획개발만개선되면정말좋은서비스일듯비즈니스모델자체는너무훌륭하네요Ux와ui가이좋은서비스를못받쳐주는게너무나아쉽습니다앱사용하는게너무나힘들어요정말오랜만에이렇게느리고불편한앱을열심히써보네요전단계페이지못보는건진짜서비스기획자의센스를의심하고싶네요기본아닌가요ㅠㅠ앞서혹평주신분들심정충분히이해갑니다만사업자체의매력에3점남깁니다제발좀개선해주세요헤비유저로서의애정어린부정의견은양해부탁드려요상품마케팅cs비즈니스전략은만족합니다전체리뷰
54,옷사서 입다보면 지겨운데 여러 의류를 입어볼수 있는 특이한 컨셉! 멤버십구입했는데 이용횟수 더 다양하게 해주시면 좀더 자주 이용할듯ㅋㅋㅋㅋ,옷사서입다보면지겨운데여러의류를입어볼수있는특이한컨셉멤버십구입했는데이용횟수더다양하게해주시면좀더자주이용할듯ㅋㅋㅋㅋ
55,몇개월째 이용중인데 옷을 정말 안사게되었어욤 사이즈 실패한게 몇번있는데 제 사이즈를 알고 나니까 사이즈 잘못고르는 일도 없네욤!!! 좋아욤,몇개월째이용중인데옷을정말안사게되었어욤사이즈실패한게몇번있는데제사이즈를알고나니까사이즈잘못고르는일도없네욤좋아욤
56,"가방을 하나 옷장에 맡기려고 보냈었는데.. 통과가 안 되어서 다시 반품되어 왔어요. 그런데 가방이 보냈을 때보다 훨씬 망가진 상태로 왔어요. 배송 중에 이런 건지 손잡이 부분 사이사이의 매듭이 다 벌어져있고 말끔했던 표면이 지저분해져있고.. 진짜 너덜너덜해서 돌아왔다는 느낌입니다. 애초에 직접 수거하겠다며 보내준 봉투가.. 그냥 검정 봉투죠? 솔직히 가방은 이런데 넣을 수 없는데.. 수거용 봉투가 너무 허술합니다. 박스나 가방 같은 것을 보내줄 거라 생각했는데.. 그런 부분에서 너무 실망했고. 중고로 팔 수도 있었던 가방을 괜히 여...
전체 리뷰",가방을하나옷장에맡기려고보냈었는데통과가안되어서다시반품되어왔어요그런데가방이보냈을때보다훨씬망가진상태로왔어요배송중에이런건지손잡이부분사이사이의매듭이다벌어져있고말끔했던표면이지저분해져있고진짜너덜너덜해서돌아왔다는느낌입니다애초에직접수거하겠다며보내준봉투가그냥검정봉투죠솔직히가방은이런데넣을수없는데수거용봉투가너무허술합니다박스나가방같은것을보내줄거라생각했는데그런부분에서너무실망했고중고로팔수도있었던가방을괜히여전체리뷰
57,앱이 너무 느려서 뭘 볼 수가 없네요. 메인페이지 로딩도 느리고 옷 더보려고 카테고리 페이지로 넘어가면 거기서 멈추다시피 합니다. BM은 참 좋은데 ux가 엉망이라 앱 받아놓고 근 1년째 한번을 제대로 못썼네요. 리텐션이 중요한 비즈니스인만큼 빨리 개선됐음 합니다.,앱이너무느려서뭘볼수가없네요메인페이지로딩도느리고옷더보려고카테고리페이지로넘어가면거기서멈추다시피합니다BM은참좋은데ux가엉망이라앱받아놓고근1년째한번을제대로못썼네요리텐션이중요한비즈니스인만큼빨리개선됐음합니다
58,일단 검색창에 검색이 잘 안됩니다... 한글로 써도 영어로 써도 대문자로 써봐도 제대로 안나오는게 너무 많아서 일일이 클릭을 해봐야한다는 점 불편합니다. 회원가입시 페북과 카톡 로그인 둘다 안되더라구요. 게다가 닉네임 겹친다고 뜨길래 닉네임만 바꿔야지 했는데 전체 창 싹 날라가구요.. 앱이 고칠게 진심 많습니다..,일단검색창에검색이잘안됩니다한글로써도영어로써도대문자로써봐도제대로안나오는게너무많아서일일이클릭을해봐야한다는점불편합니다회원가입시페북과카톡로그인둘다안되더라구요게다가닉네임겹친다고뜨길래닉네임만바꿔야지했는데전체창싹날라가구요앱이고칠게진심많습니다
59,"사이즈 관련 개선 요청드립니다 옷 디자인에 따라 작은 사이즈여도 루즈한 핏으로 나왔거나 큰사이즈여도 핏하게 나온 옷일 수 도있는데 클로젯쉐어에 업로드된 의상들을 보면 따로 품을재서 자체적 기준에 따라 사이즈를 정하고 있는것 같은데, 옷을 고르는데 혼란을 주고 객관적이지 않은 지표로 보입니다. 브랜드에서 측정한 사이즈로 개선 요청드립니다",사이즈관련개선요청드립니다옷디자인에따라작은사이즈여도루즈한핏으로나왔거나큰사이즈여도핏하게나온옷일수도있는데클로젯쉐어에업로드된의상들을보면따로품을재서자체적기준에따라사이즈를정하고있는것같은데옷을고르는데혼란을주고객관적이지않은지표로보입니다브랜드에서측정한사이즈로개선요청드립니다
60,"최악임. 옷 검수기준에 객관성이 없고, 반려사유는 요구해야 알려줌. 고객센터 연락이 잘 안됨. 유선창구는 아예 열려있지도 않음. 고객응대 최악. 이 앱에는 절대 한푼도 안쓸것임. 셰어링 거절되어 반려되는 옷들도 일주일 넘게 갖고 있다가 돌려줌.",최악임옷검수기준에객관성이없고반려사유는요구해야알려줌고객센터연락이잘안됨유선창구는아예열려있지도않음고객응대최악이앱에는절대한푼도안쓸것임셰어링거절되어반려되는옷들도일주일넘게갖고있다가돌려줌
61,월이용권 구매하여 사용하고 있는데 앱이 너무 불안정해서 정말 짜증나요 상품을 보면 페이지를 뒤로 누르는게 너무 당연한데 어떻게 된 앱인지 뒤로 두어번 누르면 아무키도 안먹혀서 결국 닫고 새로 실행해야해요 뭐하나 보려면 앱 종료하고 다시 켜기를 진짜 거짓말안하고 수십번합니다 개선이 너무 시급해보이네요,월이용권구매하여사용하고있는데앱이너무불안정해서정말짜증나요상품을보면페이지를뒤로누르는게너무당연한데어떻게된앱인지뒤로두어번누르면아무키도안먹혀서결국닫고새로실행해야해요뭐하나보려면앱종료하고다시켜기를진짜거짓말안하고수십번합니다개선이너무시급해보이네요
62,인터넷으로 항상 옷을 사입을수있다고만 생각했는데 대여해서 입을수있어서 너무 신기했는데 너무 좋아요! 옷도 고급스러워 보이고 옷도 종류별로 편하게 볼수 있게 정리되어 있어 불편감 없이 쇼핑할수 있어 만족스러워요~~!,인터넷으로항상옷을사입을수있다고만생각했는데대여해서입을수있어서너무신기했는데너무좋아요옷도고급스러워보이고옷도종류별로편하게볼수있게정리되어있어불편감없이쇼핑할수있어만족스러워요
63,다 좋은데 너무너무너무 너무어주어주 느림 답답해서 옷을 고르질 못하겠음 진짜 이 느린게 젤 큰 단점,다좋은데너무너무너무너무어주어주느림답답해서옷을고르질못하겠음진짜이느린게젤큰단점
64,"이미지가 많고 초기페이지 무거워 속도이슈있음 추천인 링크복사로 추천 버그있음 소팅 후에 상품상세보기 하고나서 뒤로돌아가면 소팅풀려있음 문의를 하면 담당자가 바뀌고 바뀔때마다 다시 처음부터 설명해야함 어플로는 가능한 기능이 극히 제한적으로, 별도문의가 필요한 부분이 다수있음",이미지가많고초기페이지무거워속도이슈있음추천인링크복사로추천버그있음소팅후에상품상세보기하고나서뒤로돌아가면소팅풀려있음문의를하면담당자가바뀌고바뀔때마다다시처음부터설명해야함어플로는가능한기능이극히제한적으로별도문의가필요한부분이다수있음
65,어플 안열려요ㅡㅡ,어플안열려요ㅡㅡ
66,"합리적이긴 하나 한번에 4벌 빌릴 수 있다 해놓고 외투는 두벌로 치는 게 좀 양아치다. 아직 셰어링을 하는 사람이 그렇게 많아보이진않는 이유가 옷의 종류 이쁜 거 진짜 많다고는 할 수 없어서고 그럼에도 이쁜 옷들이 있어서이용할 가치 정도는 있다 또 여러벌 구경 후 선택해야하는데 새창에서 열기도 안되고 위시리스트의 경우 카테고리설정해놔도 하나 클릭 후 뒤로가기 누르면 설정이 다시 초기화 되있어서 불편하다 또 검색결과를 믿을수가 없는게 검색으로 안나오는것들도 있고 매번 못봤던 옷을 발견 세탁 안해도 돼서 편하다 pc고 어플이고 오류자주...
전체 리뷰",합리적이긴하나한번에4벌빌릴수있다해놓고외투는두벌로치는게좀양아치다아직셰어링을하는사람이그렇게많아보이진않는이유가옷의종류이쁜거진짜많다고는할수없어서고그럼에도이쁜옷들이있어서이용할가치정도는있다또여러벌구경후선택해야하는데새창에서열기도안되고위시리스트의경우카테고리설정해놔도하나클릭후뒤로가기누르면설정이다시초기화되있어서불편하다또검색결과를믿을수가없는게검색으로안나오는것들도있고매번못봤던옷을발견세탁안해도돼서편하다pc고어플이고오류자주전체리뷰
67,원하는 옷 스타일을 보기 편하게 분류되어 있어서 정말 편리한 앱이에요! 다른 스타일 관련 앱들보다는 가격이 나가는 편이기는 한데 그만큼 옷이 예뻐서 좋은것 같아요~ 이앱 좋네여ㅎㅎ,원하는옷스타일을보기편하게분류되어있어서정말편리한앱이에요다른스타일관련앱들보다는가격이나가는편이기는한데그만큼옷이예뻐서좋은것같아요이앱좋네여ㅎㅎ
68,가격이 좀 있는데 사용자가 끊임 없이 대여 가능한 옷을 찾아야 해서 너무 피곤 하더군요. 이쁜 옷은 모두 대여 중.,가격이좀있는데사용자가끊임없이대여가능한옷을찾아야해서너무피곤하더군요이쁜옷은모두대여중
69,원하는 스타일의 옷들이 종류별로 구비되어 있는거 같아요~ 앱 통해서 구매도 해서 입어보고 스타일링도 비교해보고 덕분에 페션센스가 좀 늘은거 같네요.,원하는스타일의옷들이종류별로구비되어있는거같아요앱통해서구매도해서입어보고스타일링도비교해보고덕분에페션센스가좀늘은거같네요
70,옷을 보낸지가 언제인데 아직도 검수 대기중..... 한달 다 되어가네요 안 올릴거면 빨리 돌려주기라도 하든가 이건 계절 다 지나서 어디 중고로 내놓지도 못하겠고 도대체 직원이 몇이기에 이렇게 일이 느린지 모르겠습니다,옷을보낸지가언제인데아직도검수대기중한달다되어가네요안올릴거면빨리돌려주기라도하든가이건계절다지나서어디중고로내놓지도못하겠고도대체직원이몇이기에이렇게일이느린지모르겠습니다
71,오류가 너무 심하네요..회원가입 할라는데 페이지 못찾는다고 나오고 카카오계정도 이미있다고 경고문계속 뜨고 서비스 하시기전에 앱부터 제대로 만들어주세요.,오류가너무심하네요회원가입할라는데페이지못찾는다고나오고카카오계정도이미있다고경고문계속뜨고서비스하시기전에앱부터제대로만들어주세요
72,옷 빌리는곳 찾아보고 있었는데 이렇게 좋은앱을 이제야 알았다니 ㅠㅠ 진짜 너무 좋아요 강추!! 빌리는법도 편리하고 가격도 괜찮고 너무 좋은것같아요~ㅠㅠ,옷빌리는곳찾아보고있었는데이렇게좋은앱을이제야알았다니ㅠㅠ진짜너무좋아요강추빌리는법도편리하고가격도괜찮고너무좋은것같아요ㅠㅠ
73,명품을 싼값에 직접 얼굴 대면 하지 않고 빌릴수 있어서 좋네요... 거지꼴로 가면 안빌려 줄거 같은데.. 여기는 안따져서 좋네요..,명품을싼값에직접얼굴대면하지않고빌릴수있어서좋네요거지꼴로가면안빌려줄거같은데여기는안따져서좋네요
74,아예안뜸 홈페이지도 안떠서 앱설치했는데 앱도 처음에만 보이다 회원가입하고 다시들어오니 안떠요.. 매번 이러는거면 이용권 구매 해도될지 심각하게 고민됩니다,아예안뜸홈페이지도안떠서앱설치했는데앱도처음에만보이다회원가입하고다시들어오니안떠요매번이러는거면이용권구매해도될지심각하게고민됩니다
75,앱이 정말 사용하기 불편해요. 느리고 앱 사용 중 다른 앱 갔다가 다시 클로젯쉐어로 오면 메인화면으로 초기화됩니다.,앱이정말사용하기불편해요느리고앱사용중다른앱갔다가다시클로젯쉐어로오면메인화면으로초기화됩니다
76,어플 너무 버벅거리고 느립니다 개선좀 해주세요,어플너무버벅거리고느립니다개선좀해주세요
77,앱 가입하고 결제 후 취소 하려는데 취소가 카톡과 고객센터로만 되네요. 취소가 어려워도 앱으로 안되는 건 처음이네요 다신 쓰고 싶지 않아요,앱가입하고결제후취소하려는데취소가카톡과고객센터로만되네요취소가어려워도앱으로안되는건처음이네요다신쓰고싶지않아요
78,옷도 사이즈별로 다양하게 없고.. 이쁜 옷 있으면 다 S이고.. M도 잘 없어요.. 있어도 대여중. 고객서비스도 부실.. 완전 비추합니다..,옷도사이즈별로다양하게없고이쁜옷있으면다S이고M도잘없어요있어도대여중고객서비스도부실완전비추합니다
79,66사이즈 의류만 따로 모아서 볼 수 있어서 좋았러료 브랜드도 많고 일상복부터 롱드레스까지 선택폭 넓어서 좋았네요 !,66사이즈의류만따로모아서볼수있어서좋았러료브랜드도많고일상복부터롱드레스까지선택폭넓어서좋았네요
80,좋은 옷들도 다양하게 많고 패션에 도움되는 글도 많은거 같아요 옷에 관심이 많으니 안좋을 수 밖에 없는 앱,좋은옷들도다양하게많고패션에도움되는글도많은거같아요옷에관심이많으니안좋을수밖에없는앱
81,앱 사용자인데요... 사이트에 들어가지질 않아서 삭제하고 다시 깔았는데도 여전히 마찬가지이네요 ㅠㅠ 댓글보니 며칠째 이 상황인 모양인데 사용자들에게 설명은 있어야하지 않나요???,앱사용자인데요사이트에들어가지질않아서삭제하고다시깔았는데도여전히마찬가지이네요ㅠㅠ댓글보니며칠째이상황인모양인데사용자들에게설명은있어야하지않나요
82,지하철 광고보구 가입해서 렌트 몆번했는데요 상태도 좋구 세탁하지 않고 반납해서 좋더라구요^^ 택배비 무료인건 비밀ㅋ..셰어? 해보니 대여나갈때마다 적립금이 매일 쌓이더라구요..좋은 시스템 인듯 합니다 전 만족해요..감사합니다 승승장구하세요^^,지하철광고보구가입해서렌트몆번했는데요상태도좋구세탁하지않고반납해서좋더라구요택배비무료인건비밀ㅋ셰어해보니대여나갈때마다적립금이매일쌓이더라구요좋은시스템인듯합니다전만족해요감사합니다승승장구하세요
83,빨리 환불해주세요 왜 50프로 쿠폰선택했는데 할인없이 결제가 되나요 1대1문의도 에러나고... 이메일 드렸으니 환불해주세요,빨리환불해주세요왜50프로쿠폰선택했는데할인없이결제가되나요1대1문의도에러나고이메일드렸으니환불해주세요
84,갑자기 마케팅동의 안하면 사용할수가 없게 팝업이 계속 뜨는데 너무 짜증나서 안쓰고 싶어졌어요,갑자기마케팅동의안하면사용할수가없게팝업이계속뜨는데너무짜증나서안쓰고싶어졌어요
85,처음으로 사용하려고 어플깔았는데 너무 느리고 렉걸리고이래서 시작도못하고 뭘 할수가없어요..,처음으로사용하려고어플깔았는데너무느리고렉걸리고이래서시작도못하고뭘할수가없어요
86,가입하니까 있는 아이디라 그러고 로그인 하려니까 존재하지 않는 아이디라고 나오는데 도대체 어떻게 해야 이용 가능하죠,가입하니까있는아이디라그러고로그인하려니까존재하지않는아이디라고나오는데도대체어떻게해야이용가능하죠
87,나만이런가..화면이..왜이래?...1시간째..어플 이상한거같은데..,나만이런가화면이왜이래1시간째어플이상한거같은데
88,업데이트 된 것 같은데 소셜로그인 기능이 아예 안먹습니다 계속 첫화면으로 돌아와요..피드백 부탁드립니다,업데이트된것같은데소셜로그인기능이아예안먹습니다계속첫화면으로돌아와요피드백부탁드립니다
89,세어 할때는 잘 생각하고 브렌드 있다고 내면 안되요. 외국 것은 잘 모르는 거 같고 뭘 기준으로 선별 하는지 불분명 해요. 조금 씩 보내는게 좋겠어요. 전 다시는 선택 안 합니다.,세어할때는잘생각하고브렌드있다고내면안되요외국것은잘모르는거같고뭘기준으로선별하는지불분명해요조금씩보내는게좋겠어요전다시는선택안합니다
90,어플 너무 느리고... 자꾸 튕깁니다,어플너무느리고자꾸튕깁니다
91,이용하기 편리하고 가격 부담이 있는 써볼수 있어서 좋아요~~,이용하기편리하고가격부담이있는써볼수있어서좋아요
92,너무 느려요 답답해요ㅠㅠㅠ 볼려고 해도 볼 수 가 없네요 해결해주세요,너무느려요답답해요ㅠㅠㅠ볼려고해도볼수가없네요해결해주세요
93,도대체 왜 자꾸 앱이 중지되는거죠? 지웠다 깔아도 그대로네요. 짜증..,도대체왜자꾸앱이중지되는거죠지웠다깔아도그대로네요짜증
94,404... 어떻게 로그인하자마자 404... 이게 유일한 매장이잖아요.... 오마이갓...,404어떻게로그인하자마자404이게유일한매장이잖아요오마이갓
95,"인스타 통해 설치, 가입후 접속이 안돼고있느니 원ㅡㅡ....",인스타통해설치가입후접속이안돼고있느니원ㅡㅡ
96,투자도 많이 받았다던데 옷도 별로 없고 ux도 어렵고 굉장히 난해한 서비스네요,투자도많이받았다던데옷도별로없고ux도어렵고굉장히난해한서비스네요
97,어플 사용하라고 만든거 맞나요? 속터지게 하려고 만든듯. 렉심해서 못써먹겠네요,어플사용하라고만든거맞나요속터지게하려고만든듯렉심해서못써먹겠네요
98,앱이 왤케 느려요 무료 개설 사이트도 이렇겐 안느릴듯,앱이왤케느려요무료개설사이트도이렇겐안느릴듯
99,페이지 넘어가는게 너무 느려요 ㅠ,페이지넘어가는게너무느려요ㅠ
100,어떻게 어플이 이렇게 며칠씩 안 열리나요~9,어떻게어플이이렇게며칠씩안열리나요9
101,app자체는넘좋은것같은데..일단..너무느려요ㅠ,app자체는넘좋은것같은데일단너무느려요ㅠ
102,너무 느리고 화면이 아예 안보여요. . . .,너무느리고화면이아예안보여요
103,알림설정에서 알림을 꺼도꺼도 다시 알림이 오고 확인해보면 다시 알림 설정이 켜있어요,알림설정에서알림을꺼도꺼도다시알림이오고확인해보면다시알림설정이켜있어요
104,아이디어는좋은데 어플이 느려서 답답해요,아이디어는좋은데어플이느려서답답해요
105,잘 사용하고 있습니다,잘사용하고있습니다
106,좋아용 포인트 적립되면 나중에 쓸수 있어서 너무 좋아용,좋아용포인트적립되면나중에쓸수있어서너무좋아용
107,너무 느려요 ....왜케 옷사진이 늦게 뜨는건가요 ???,너무느려요왜케옷사진이늦게뜨는건가요
108,옷을 대여하기 쉬운어플입니다,옷을대여하기쉬운어플입니다
109,제발 앱 속도개선 좀요!!!!!!!서비스 이용하고싶어도 앱 너무느려요,제발앱속도개선좀요서비스이용하고싶어도앱너무느려요
110,로그인이 안되요 ㅡㅡ 짜증나,로그인이안되요ㅡㅡ짜증나
111,예전보다 훨씬 부드러워져서 좋습니다!,예전보다훨씬부드러워져서좋습니다
112,아니 무슨?! 왜이렇게 옷브랜드가 여자한테 몰려있나요? 남자는 이용하면 안되나요? 카파 마하그리드 왜 이런 브랜드가 없죠????,아니무슨왜이렇게옷브랜드가여자한테몰려있나요남자는이용하면안되나요카파마하그리드왜이런브랜드가없죠
113,웹으로만 되다가 이제 앱나와서 훨씬 편하네요,웹으로만되다가이제앱나와서훨씬편하네요
114,옷장이 슬림해져서 좋아요,옷장이슬림해져서좋아요
115,관리가 아얘안되는듯하네요,관리가아얘안되는듯하네요
116,진짜 무슨 고객센터 번호도 없는 이런곳..선택한 내가 잘못이지,진짜무슨고객센터번호도없는이런곳선택한내가잘못이지
117,업데이트이후 앱이 안켜져요,업데이트이후앱이안켜져요
118,속도가 부모님안부물어보게함. 암걸려서 2점,속도가부모님안부물어보게함암걸려서2점
119,결혼식날 진짜 최고!!!!!!!!!너무너무너무너무 조아,결혼식날진짜최고너무너무너무너무조아
120,회원가입정보다쓰고 불편드려죄송하단 메세지창달랑~~,회원가입정보다쓰고불편드려죄송하단메세지창달랑
121,지금 어플이랑 사이트 둘 다 접속 안돼요 무슨 일 있나요??,지금어플이랑사이트둘다접속안돼요무슨일있나요
122,편리한 어플입니다,편리한어플입니다
123,남자친구폰으로 다운받고 잘보고있어요 마르지엘라 지방시 넣어주세요 아 그리구 구찌 마몬트 마틀라세 스몰도 넣어주세요,남자친구폰으로다운받고잘보고있어요마르지엘라지방시넣어주세요아그리구구찌마몬트마틀라세스몰도넣어주세요
124,남자옷은 없네요 ㅠ,남자옷은없네요ㅠ
125,유용한거같아요!,유용한거같아요
126,탈퇴하는 방법좀 알려주세요,탈퇴하는방법좀알려주세요
127,앱 편하고좋네요.,앱편하고좋네요
128,여성전용 대여플랫폼이네요.,여성전용대여플랫폼이네요
129,회원가입이 안되네요,회원가입이안되네요
130,어플 좋네요 ㅎㅎ,어플좋네요ㅎㅎ
131,진짜 좋아요,진짜좋아요
132,왜자꾸꺼지나요,왜자꾸꺼지나요
133,안켜짐,안켜짐
134,너무느림,너무느림
135,앱불편합니다,앱불편합니다
136,정말편하네요,정말편하네요
