,review,cleaning,noun
0,"우선 클로젯셰어 서비스에 대해서 굉장히 만족하고 있습니다. 마음에 드는 옷이 대여중인 경우가 더 많다는것은 아쉽지만, 사람 눈은 다 똑같으니까요..😢 앱 구현도 굉장히 잘 되는 편입니다. 속도도 빠르고 구현이 직관적이며 분류도 잘 되어있습니다. 다만 지금은 필요한 종류의 옷을 검색으로 찾을 만큼 분류가 세분화되진 않은것같아서, 아우터, 드레스, 상의, 하의보다 더 세분화된 카테고리가 있으면 더 좋을 것 같습니다.",우선클로젯셰어서비스에대해서굉장히만족하고있습니다마음에드는옷이대여중인경우가더많다는것은아쉽지만사람눈은다똑같으니까요앱구현도굉장히잘되는편입니다속도도빠르고구현이직관적이며분류도잘되어있습니다다만지금은필요한종류의옷을검색으로찾을만큼분류가세분화되진않은것같아서아우터드레스상의하의보다더세분화된카테고리가있으면더좋을것같습니다,"['셰어', '서비스', '대해', '마음', '에드', '여중', '경우', '사람', '구현', '편입', '속도', '구현', '직관', '분류', '금은', '종류', '검색', '분류', '세분', '아우', '드레스', '하의', '세분', '카테고리']"
1,"아이디어는 너무 괜찮으나 어플, CS 모두 엉망임 특히 고객센터 응대는 전부터 느꼈지만 메뉴얼이 없는 듯한 느낌. 현재 안드로이드 몇 기종에서 어플이 안열리는 상황이고, 이 상황이 며칠째 이어지고 있는데 공지 하나 없으며 카톡으로만 제공하는 고객센터에 문의하니 어플이 언제 재개 될 지는 모른다는 답 뿐.. 광고는 계속 오더만 오류에 대한 공지는 하나도 없고 현황도 고객센터 물어야만 알 수 있으며, 언제 해결될지는 아무도 모름ㅎㅎ 오류가 꽤 오래 계속 되고 있는데 이런 대처는 도저히 이해할 수 없음. 광고 전에 CS와 어플 개선에 대...
전체 리뷰",아이디어는너무괜찮으나어플CS모두엉망임특히고객센터응대는전부터느꼈지만메뉴얼이없는듯한느낌현재안드로이드몇기종에서어플이안열리는상황이고이상황이며칠째이어지고있는데공지하나없으며카톡으로만제공하는고객센터에문의하니어플이언제재개될지는모른다는답뿐광고는계속오더만오류에대한공지는하나도없고현황도고객센터물어야만알수있으며언제해결될지는아무도모름ㅎㅎ오류가꽤오래계속되고있는데이런대처는도저히이해할수없음광고전에CS와어플개선에대전체리뷰,"['아이디어', '어플', '엉망', '고객', '센터', '응대', '메뉴얼', '느낌', '현재', '안드로이드', '몇기종', '어플', '이안', '상황', '상황', '며칠', '카톡', '제공', '고객', '센터', '문의', '어플', '이언', '제재', '광고', '계속', '오류', '대한', '공지', '현황', '고객', '센터', '해결', '아무', '모름', '오류', '계속', '대처', '도저히', '이해', '광고', '어플', '개선', '전체', '리뷰']"
2,굉장히 느리고 멈추고 앱 구현이 잘 안됩니다 2년전에도 그랬는데 개선이 안됐네요 카테고리도 세분화가 필요하보이며 cs도 개선이 필요해보입니다..,굉장히느리고멈추고앱구현이잘안됩니다2년전에도그랬는데개선이안됐네요카테고리도세분화가필요하보이며cs도개선이필요해보입니다,"['구현', '개선']"
3,어플이 안열리네요. 내일 제 옷 수거해가는 날짜로 잡아놨는데 어떻게 진행되는지 확인도 못하게 생겼어요ㅜ 개선이 언제 될까요,어플이안열리네요내일제옷수거해가는날짜로잡아놨는데어떻게진행되는지확인도못하게생겼어요ㅜ개선이언제될까요,"['어플', '이안', '수거', '날짜', '진행', '확인', '개선']"
4,어플이 버거워서 그런지 버퍼가 되는경우가 있는데 서비스자체는 유용해서 자주 사용하고 있어요~^_^,어플이버거워서그런지버퍼가되는경우가있는데서비스자체는유용해서자주사용하고있어요,"['어플', '버퍼', '경우', '서비스', '자체', '자주', '사용']"
5,나만그런게아니엇네..어플안켜져요그적게부터...;;평소에도 페이지 넘어가는거넘 오래걸리고 편리한어플은아니엇는데 그냥 구독서비스땜에 쓰는거지,나만그런게아니엇네어플안켜져요그적게부터평소에도페이지넘어가는거넘오래걸리고편리한어플은아니엇는데그냥구독서비스땜에쓰는거지,"['엇네', '어플', '평소', '페이지', '어플', '그냥', '구독', '서비스']"
6,어플이 안열려요 대체 무슨일..? 빨리 해결해주세요.. 어플 키면 그냥 바로 꺼져요,어플이안열려요대체무슨일빨리해결해주세요어플키면그냥바로꺼져요,"['어플', '이안', '대체', '해결', '어플', '그냥']"
7,앱 자꾸 꺼짐. 걍 꺼짐. 다시 깔아도 꺼짐. 기본적인 오류 체크도 안함?,앱자꾸꺼짐걍꺼짐다시깔아도꺼짐기본적인오류체크도안함,"['자꾸', '기본', '오류', '체크', '안함']"
8,열리지 않아요...ㅠㅠ 지우고 다시 깔아도 마찬가지.,열리지않아요ㅠㅠ지우고다시깔아도마찬가지,"['리지', '마찬가지']"
9,앱 왜 뒤로가기만 눌러도 계속 꺼져요?,앱왜뒤로가기만눌러도계속꺼져요,"['앱왜뒤', '가기', '계속']"
10,제발 앱좀.. 수정보완을 하던지해주세요. 취지는 좋은데 매번 앱때문에 짜증남 ㅡㅡ,제발앱좀수정보완을하던지해주세요취지는좋은데매번앱때문에짜증남ㅡㅡ,"['제발', '앱좀', '수정', '보완', '취지', '때문']"
11,앱 종료오류빨리고쳐주세요,앱종료오류빨리고쳐주세요,"['종료', '오류']"
12,왜 켜졋다가도 꺼지는거죠..... 불안정항가요,왜켜졋다가도꺼지는거죠불안정항가요,"['왜켜졋', '다가', '불안', '정항', '가요']"
13,업데이트 이후 어플이 안켜집니다.,업데이트이후어플이안켜집니다,"['업데이트', '이후', '어플', '이안']"
14,저도 같은 증상이... 앱이 왜 정지된건가요?,저도같은증상이앱이왜정지된건가요,"['증상', '왜정', '가요']"
15,어플이너무오랬동안안되요ㅜㅜ,어플이너무오랬동안안되요ㅜㅜ,"['어플', '무오']"
16,"어플이 안켜져요,, 왜이러죠",어플이안켜져요왜이러죠,"['어플', '이안']"
17,앱자꾸꺼짐 해결이 당장필요하네요,앱자꾸꺼짐해결이당장필요하네요,"['자꾸', '해결']"
18,"사용할수록 실망스러운 서비스 1년 이상 사용 월정기과금 가입자입니다. 한달에 15만원씩 그리고 매달 최소 5만원이상 추가 결재합니다. 처음엔 좋은 브랜드도 많았고 고퀄 제품도 많았는데, 이제는 낡은 옷들과 비선호 브랜드 외에는 주문이 어렵습니다. 사용자 대비 제품이 없으니 주문 할 만한 제품이 없습니다. 프로모션은 신규 가입자를 위한 것일뿐 기존 충성 고객에 대한 혜택은 하나도 없습니다. 그나마 빌린옷은 사이즈가 개판이라 어떤건 작아 못입고 어떤건 커서 못입습니다. 많이 실망스럽습니다. 탈퇴할까 합니다.",사용할수록실망스러운서비스1년이상사용월정기과금가입자입니다한달에15만원씩그리고매달최소5만원이상추가결재합니다처음엔좋은브랜드도많았고고퀄제품도많았는데이제는낡은옷들과비선호브랜드외에는주문이어렵습니다사용자대비제품이없으니주문할만한제품이없습니다프로모션은신규가입자를위한것일뿐기존충성고객에대한혜택은하나도없습니다그나마빌린옷은사이즈가개판이라어떤건작아못입고어떤건커서못입습니다많이실망스럽습니다탈퇴할까합니다,"['사용', '실망', '서비스']"
19,"특별한 날 특별한 옷 입고 싶을 때, 사기에는 조금 부담스러운 옷이나 가방을 입어보고 싶을 때 정말 좋아요. 사진 후기도 많은 편이라 렌트할때도 도움되고 무엇보다 예쁜 옷들이 많아 좋네요. 앞으로도 자주 이용할 계획입니다 :)",특별한날특별한옷입고싶을때사기에는조금부담스러운옷이나가방을입어보고싶을때정말좋아요사진후기도많은편이라렌트할때도도움되고무엇보다예쁜옷들이많아좋네요앞으로도자주이용할계획입니다,"['사기', '가방', '정말', '사진', '후기', '편이', '렌트', '도움', '자주', '계획']"
20,앱이 그냥 안 열려요...,앱이그냥안열려요,[]
21,어플이 계속 꺼져요 테스트도 안하고 릴리즈부터 막 하나요?,어플이계속꺼져요테스트도안하고릴리즈부터막하나요,"['어플', '계속', '테스트', '도안', '릴리']"
22,서비스 의도는 너무 좋음. 환경오염도 막고 좋다이거임. 그러나 앱 속도 진짜 속터져서 옷을 고를 수가 없음. 컴퓨터로 보는 것 추천. 그리고 자동결제 해지 버튼이 없음?! 상담원과 연결해야 해지 할 수 있는 정신나간 시스템임. 자동 결제 전이라 해지하러들어갔더니 해지버튼도 없고 f&a 뒤지고 뒤져 찾아낸 답변이 상담원한테 이야기해야 해지 가능하다함. 그것도 종료 3일 전에ㅋㅋㅋ 이런거 처음 봄. 지금 주말이라 해지도 안됨ㅋㅋ 조심하세요 다들..가입은 쉽지만 해지는 니맘대로 안된단다? 뭐 이런 사이트가..,서비스의도는너무좋음환경오염도막고좋다이거임그러나앱속도진짜속터져서옷을고를수가없음컴퓨터로보는것추천그리고자동결제해지버튼이없음상담원과연결해야해지할수있는정신나간시스템임자동결제전이라해지하러들어갔더니해지버튼도없고fa뒤지고뒤져찾아낸답변이상담원한테이야기해야해지가능하다함그것도종료3일전에ㅋㅋㅋ이런거처음봄지금주말이라해지도안됨ㅋㅋ조심하세요다들가입은쉽지만해지는니맘대로안된단다뭐이런사이트가,"['서비스', '의도', '환경오염', '도막', '속도', '진짜', '컴퓨터', '추천', '동결', '제해', '버튼', '상담', '해지', '정신', '시스템', '임자', '동결', '제전', '해지', '해지', '버튼', '답변', '상담', '이야기', '해지', '그것', '종료', '처음', '지금', '주말', '해지', '가입', '해지', '사이트']"
23,"시스템은 정말좋습니다. 옷사이즈 오기, 옷상태점검 등 실망한적도 있었지만 70프로정도는 정말 만족하며 잘 사용했어요. 앱환경도 가끔버벅거려서 불편했어요. 하지만 이모든걸 감안하고도 공유옷장의 장점과 발전가능성이 무궁무진하기에 계속사용할의향은있어요. 제발 이맘 변치않도록 고객의 목소리에 귀길울여 주시기부탁드려요!",시스템은정말좋습니다옷사이즈오기옷상태점검등실망한적도있었지만70프로정도는정말만족하며잘사용했어요앱환경도가끔버벅거려서불편했어요하지만이모든걸감안하고도공유옷장의장점과발전가능성이무궁무진하기에계속사용할의향은있어요제발이맘변치않도록고객의목소리에귀길울여주시기부탁드려요,"['시스템', '정말', '오기', '상태', '점검', '프로', '정도', '정말', '사용', '환경', '가끔', '버벅거려', '이모', '감안', '공유', '옷장', '장점', '발전', '가능성', '무궁무진', '계속', '사용', '의향', '제발', '이맘', '고객', '목소리']"
24,첫이용 결과 대만족입니다. 세탁상태도 좋구요 쇼핑몰에서 옷사면 재고들어와야 배송보내고ㅜ 바로바로안와서 미리 주문해도 원했던 날에 못받아 주문취소랑 반품을 하는일이많은데ㅠ 여긴 재고가 있는 제품만 주문할수있어서 엄청 빨리와요! 그리고 매일 새로운 제품이 올라오니까 매일매일 보게돼요!! 대여서비스가 너무좋고 배송받은 제품들이 관리가 잘되어있어서 저도 안입는 옷들이 있는데 조만간 셰어링 신청하려고요 번창하세요~!,첫이용결과대만족입니다세탁상태도좋구요쇼핑몰에서옷사면재고들어와야배송보내고ㅜ바로바로안와서미리주문해도원했던날에못받아주문취소랑반품을하는일이많은데ㅠ여긴재고가있는제품만주문할수있어서엄청빨리와요그리고매일새로운제품이올라오니까매일매일보게돼요대여서비스가너무좋고배송받은제품들이관리가잘되어있어서저도안입는옷들이있는데조만간셰어링신청하려고요번창하세요,"['이용', '결과', '만족', '세탁', '상태', '쇼핑몰', '사면', '재고', '배송', '미리', '문해', '주문', '취소', '반품', '일이', '제품', '주문', '매일', '제품', '매일', '매일', '대여', '서비스', '배송', '제품', '관리', '도안', '조만간', '셰어', '신청', '번창']"
25,"비욘드클로젯 정말 좋은데, 진짜 어플 속도ㅠㅠㅠㅠ 답답해서 울어요ㅠㅠㅠㅠㅠㅠ 어플개선 너무나도 시급합니다.... 정말정말정말루요......... 그리고 마음에 드는 옷 보고 좋아요해놓고 뒤로가기하면 다시 처음부터 봐야하는건 무슨의미인지................. 좋아서 별 4개 해놓지만 어플개선 안하면 1로 내릴래요...",비욘드클로젯정말좋은데진짜어플속도ㅠㅠㅠㅠ답답해서울어요ㅠㅠㅠㅠㅠㅠ어플개선너무나도시급합니다정말정말정말루요그리고마음에드는옷보고좋아요해놓고뒤로가기하면다시처음부터봐야하는건무슨의미인지좋아서별4개해놓지만어플개선안하면1로내릴래요,"['비욘드', '정말', '진짜', '어플', '속도', '어플', '개선', '마음', '에드', '보고', '가기', '다시', '처음', '의미', '어플']"
26,결혼식에 입을 마땅한 옷이 없어서 몇번 입지도 않을텐데... 비싼돈 주고 사느니 한번 빌려입어 볼까?하고 질러봤어요. 제가 렌트한옷은 상태가 모두 좋았어요. 착한가격에 신랑이랑 사이좋게 차려입고 갔더니 다들 비싼옷 사입은줄 알더라구요ㅋㅋ 뿌듯 신랑은 소매가 길어서 조금 아쉬웠어요. 사이즈실패 ㅠ 렌트하실때 본인 사이즈체크는 필수입니당. ^^ 남성복도 많아졌음 좋겠어요. 예쁘고 멋진옷 입혀주고 센스있는 와이프소리 듣고 싶어요. ^^ 좋은서비스를 제공해주셔서 감사합니다. ^^,결혼식에입을마땅한옷이없어서몇번입지도않을텐데비싼돈주고사느니한번빌려입어볼까하고질러봤어요제가렌트한옷은상태가모두좋았어요착한가격에신랑이랑사이좋게차려입고갔더니다들비싼옷사입은줄알더라구요ㅋㅋ뿌듯신랑은소매가길어서조금아쉬웠어요사이즈실패ㅠ렌트하실때본인사이즈체크는필수입니당남성복도많아졌음좋겠어요예쁘고멋진옷입혀주고센스있는와이프소리듣고싶어요좋은서비스를제공해주셔서감사합니다,"['결혼식', '몇번', '입지', '한번', '렌트', '상태', '가모', '가격', '신랑', '옷사', '알더', '뿌듯', '신랑', '소매', '사이즈', '실패', '렌트', '본인', '체크', '필수', '남성', '복도', '센스', '와이프', '소리', '서비스', '제공']"
27,"서비스마인드 빵점인 회사 기대하면서 옷을 골랐는데 사진빨과 화면빨에 속지말자, 몇 날 며칠 고민한 시간이 아까울정도로 옷이 낡고 못입을 수준. 게다가 약속날 입어야하는데 택배도 늦게오는바람에 결국 약속망함.근데 나중에 옷상태보니 왔어도 못입었을 수준. 자기네들이 잘못해놓고 사과조차없고 변명만 하기 바쁜업체수준. 리뷰 보고 결제할걸...돈아까움 ㅠ",서비스마인드빵점인회사기대하면서옷을골랐는데사진빨과화면빨에속지말자몇날며칠고민한시간이아까울정도로옷이낡고못입을수준게다가약속날입어야하는데택배도늦게오는바람에결국약속망함근데나중에옷상태보니왔어도못입었을수준자기네들이잘못해놓고사과조차없고변명만하기바쁜업체수준리뷰보고결제할걸돈아까움ㅠ,"['서비스', '마인드', '빵점', '회사', '사진빨', '화면', '속지', '몇날', '며칠', '고민', '정도', '수준', '약속', '택배', '바람', '약속', '나중', '태보', '수준', '잘못', '사과', '변명', '업체', '수준', '리뷰', '보고', '결제', '걸돈']"
28,클로짓셰어에 대한 시스템이나 가격 다 맘에듭니다. 근데 어플 성능이 넘 구려요 진짜 느리고 리뷰 많이쓰려고 해도 자꾸 오류나서 열받아요,클로짓셰어에대한시스템이나가격다맘에듭니다근데어플성능이넘구려요진짜느리고리뷰많이쓰려고해도자꾸오류나서열받아요,"['셰어', '대한', '시스템', '가격', '어플', '성능', '진짜', '리뷰', '고해', '자꾸', '오류', '서열']"
29,항상 잘 애용하고 있습니다. 명품부터 디자이너브랜드까지... 데일리룩 특별한 날에 입을 수 있는 다양한 옷 백 등이 있어요 옷 구매하는 것보다 이득! 추천해요 :),항상잘애용하고있습니다명품부터디자이너브랜드까지데일리룩특별한날에입을수있는다양한옷백등이있어요옷구매하는것보다이득추천해요,"['항상', '애용', '명품', '디자이너', '브랜드', '일리', '구매', '이득', '추천']"
30,사실 옷의상태와 청결이 가장걱정되었는데 세탁도 너무 잘되서 새옷같아요~!예쁜옷이 많아 고민이 되네요 평소 사기는 좀 그렇고 입어보고싶었던 옷을 마음대로 입을수있어 넘 좋음~! 진짜 찐추천합니다~~!!,사실옷의상태와청결이가장걱정되었는데세탁도너무잘되서새옷같아요예쁜옷이많아고민이되네요평소사기는좀그렇고입어보고싶었던옷을마음대로입을수있어넘좋음진짜찐추천합니다,"['사실', '상태', '청결', '가장', '걱정', '세탁', '새옷', '고민', '평소', '사기', '진짜', '추천']"
31,평소에 들고 싶었던 가방들이 많이 있어서 신나게 이용하고 있어요 빠른 배송과 택배 포장도 꼼꼼하게 잘 되어있어서 안심하고 이용할수 있습니다 중고판매 되는 상품들도 상태가 좋아서 맘에 드는거 저렴하게 구매 가능한것도 좋은거 같아요,평소에들고싶었던가방들이많이있어서신나게이용하고있어요빠른배송과택배포장도꼼꼼하게잘되어있어서안심하고이용할수있습니다중고판매되는상품들도상태가좋아서맘에드는거저렴하게구매가능한것도좋은거같아요,"['평소', '가방', '배송', '택배', '포장', '안심', '이용', '중고', '판매', '상품', '상태', '에드', '구매']"
32,1년 넘게 클로젯셰어 사용하는 여자친구가 부러워서 남성복은 언제 나오나 문의를 하기도 했지만 드디어 남성복도 대여 서비스 시작하고 잘 사용하고 있습니다. 👍👍👍 약속을 지켜주셔서 감사합니다^^ 저도 바로 빌려서 사용해보니 옷상태도 거의 새옷이 오고 배송도 빨라서 당일 배송이라니.. 그치만 지방은 택배배송으로!! 공유의 트렌드에 맞게 저도 환경보호에 동참하면서 매일매일 새로운 옷으로 교환하면서 잘사용하고 있습니다. 클로젯셰어 이 서비스 제발 제발 오래오래 가길!! 전 개인적으로 적극적으로 추천합니다♥ 클로젯셰어 알라뷰,1년넘게클로젯셰어사용하는여자친구가부러워서남성복은언제나오나문의를하기도했지만드디어남성복도대여서비스시작하고잘사용하고있습니다약속을지켜주셔서감사합니다저도바로빌려서사용해보니옷상태도거의새옷이오고배송도빨라서당일배송이라니그치만지방은택배배송으로공유의트렌드에맞게저도환경보호에동참하면서매일매일새로운옷으로교환하면서잘사용하고있습니다클로젯셰어이서비스제발제발오래오래가길전개인적으로적극적으로추천합니다클로젯셰어알라뷰,[]
33,"계절마다 옷을 사고, 버리면서 '이건 아니다' 생각했습니다. 환경을 지키위해 시작했는데 예상했던 것 보다 훨씬 고퀄의 브랜드, 다양한 스타일의 옷들이 있어 제 스타일링의 스펙트럼을 넓혀주고 있어요!! 환경에 부담을 주지 않고도 매일 다양한 스타일링을 시도할 수 있다니, 두 마리 토끼를 잡은 느낌🌈💜💜💜",계절마다옷을사고버리면서이건아니다생각했습니다환경을지키위해시작했는데예상했던것보다훨씬고퀄의브랜드다양한스타일의옷들이있어제스타일링의스펙트럼을넓혀주고있어요환경에부담을주지않고도매일다양한스타일링을시도할수있다니두마리토끼를잡은느낌,"['계절', '사고', '이건', '생각', '환경', '위해', '시작', '예상', '고퀄', '브랜드', '스타일', '스타', '일링', '스펙트럼', '환경', '부담', '주지', '매일', '스타', '일링', '시도', '마리', '토끼', '느낌']"
34,가방진짜 좋아하는데 저렴한 가격에 이쁜가방들을 렌트할 수 있어서 너무너무 행복해요.ㅠㅠ 가방한개 사려면 가격이 어마어마 하잖아요.ㅠ 좋은서비스 앞으로도 계속 쭈~욱 부탁해요.^^,가방진짜좋아하는데저렴한가격에이쁜가방들을렌트할수있어서너무너무행복해요ㅠㅠ가방한개사려면가격이어마어마하잖아요ㅠ좋은서비스앞으로도계속쭈욱부탁해요,"['가방', '진짜', '가격', '가방', '렌트', '가방', '사려', '가격', '서비스', '계속', '쭈욱', '부탁']"
35,어플 자체는 신선하고 정말 좋아요 그런데 앱 속도가 너무 너무 너어어무 느리고 버그도 많아서 이 모든 장점들을 덮게 돼요.. 속도만 개선된다면 별 다섯개도 적은 앱이에요,어플자체는신선하고정말좋아요그런데앱속도가너무너무너어어무느리고버그도많아서이모든장점들을덮게돼요속도만개선된다면별다섯개도적은앱이에요,"['어플', '자체', '정말', '속도', '어어', '버그', '모든', '장점', '속도', '개선', '개도']"
36,다양한 스타일을 고를수있고~ 명품까지 입을수있어서 넘 좋아요~ 특히 한두번만 입게 되는 행사나 이벤트의상은 진짜 넘 유용하네용^^ 자주 이용할어플입니당ㅎㅎ,다양한스타일을고를수있고명품까지입을수있어서넘좋아요특히한두번만입게되는행사나이벤트의상은진짜넘유용하네용자주이용할어플입니당ㅎㅎ,"['스타일', '명품', '번만', '행사', '이벤트', '의상', '진짜', '어플']"
37,처음 설치해서 사용했을 때보다 속도가 많이 개선되어 이제서야 리뷰를 남깁니다. 앞으로도 고객들과 소통하며 언택트 시대에 걸맞게 멋진 서비스로 더욱 발전하기를 기대할게요. 고맙습니다. :D,처음설치해서사용했을때보다속도가많이개선되어이제서야리뷰를남깁니다앞으로도고객들과소통하며언택트시대에걸맞게멋진서비스로더욱발전하기를기대할게요고맙습니다D,"['처음', '설치', '속도', '개선', '이제', '리뷰', '고객', '소통', '서비스', '더욱', '발전']"
38,플레이스토어 앱중에 최초로 답답해서 앱지웠습니다ㅋㅋㅋㅋ 앱이 뭐 이렇게 버그도 심하고 느리고 그냥 대충 만드신건가? 이런 생각까지 들어버리네요^^ 완전 소중한경험 감사합니다ㅋㅋㅋ이런 답답한 앱은 처음입니다ㅋ,플레이스토어앱중에최초로답답해서앱지웠습니다ㅋㅋㅋㅋ앱이뭐이렇게버그도심하고느리고그냥대충만드신건가이런생각까지들어버리네요완전소중한경험감사합니다ㅋㅋㅋ이런답답한앱은처음입니다ㅋ,"['플레이스토어', '최초', '버그', '도심', '대충', '건가', '생각', '완전', '경험', '처음']"
39,"중요한 날에 한번 입을 옷,가방 대여하려고 설치했는데 일상생활에서 입어보고 싶었던 옷들 뿐만 아니라 파티스타일,웨딩스타일 등 평소에 접하기 힘든 옷들도 대여할 수 있어서 좋아요 잘 쓰고 있어요ㅎㅎ",중요한날에한번입을옷가방대여하려고설치했는데일상생활에서입어보고싶었던옷들뿐만아니라파티스타일웨딩스타일등평소에접하기힘든옷들도대여할수있어서좋아요잘쓰고있어요ㅎㅎ,"['한번', '가방', '설치', '일상생활', '파티', '스타일', '웨딩', '스타', '일등', '평소', '대여']"
40,여러가입자들이 지적했듯 느려도 너무느림 이런앱정말 첨봄 실력이 이것밖에 안되나여~ 그래도 세번이용했어요 콘텐츠가 좋음 뭐함? 써비스가 엉망 너무불편해요,여러가입자들이지적했듯느려도너무느림이런앱정말첨봄실력이이것밖에안되나여그래도세번이용했어요콘텐츠가좋음뭐함써비스가엉망너무불편해요,"['가입자', '지적', '정말', '실력', '세번', '콘텐츠', '뭐함', '써비', '엉망']"
41,몇 안되는 예쁘고 평상시에도 입을만한 옷들은 재빠르게 대여돼서 계절 다 지나야 반납됨,몇안되는예쁘고평상시에도입을만한옷들은재빠르게대여돼서계절다지나야반납됨,"['평상시', '대여', '계절', '반납']"
42,앱 평가하기라서 별하나 줬습니다. 서비스 자체는 괜찮으나 앱은 정말 똥이예요 ㅠ.ㅠ,앱평가하기라서별하나줬습니다서비스자체는괜찮으나앱은정말똥이예요ㅠㅠ,"['평가', '별하나', '서비스', '자체', '은정', '말똥']"
43,협찬받았으나 솔직한 리뷰) 아이디어 자체는 굉장히 좋은데 운영하시는 분들이 의류에 대한 지식이 좀 부족한 것 같다.,협찬받았으나솔직한리뷰아이디어자체는굉장히좋은데운영하시는분들이의류에대한지식이좀부족한것같다,"['협찬', '리뷰', '아이디어', '자체', '운영', '의류', '한지']"
44,셰어링신청 해보려고 다운받았습니다. 다행히? 신청한 가방이 통과되고 보상가격도 나왔어요. 중고로 판매하려고 했던 것보다 높게 책정되서 기분좋네요ㅋㅋ빌려도 봐야겠네요!,셰어링신청해보려고다운받았습니다다행히신청한가방이통과되고보상가격도나왔어요중고로판매하려고했던것보다높게책정되서기분좋네요ㅋㅋ빌려도봐야겠네요,"['셰어', '신청', '신청', '가방', '통과', '보상', '가격', '중고', '판매', '려고', '책정', '기분']"
45,"어플 팝업이 뜰때 오늘 그만보기를 아무리 눌러도 계속 뜸... 빌린옷 리뷰작성할때 가끔 사진첨부가 안될때가 있음. 1대1 상담기능이 언젠가부터 안됨. 그래도 어플자체의 불편함만 감수하면 옷 빌리기엔 꽤 괜찮은 곳이지만, 쉐어링하기는 굉장히 불편함. 물건 가져갈땐 빠르게 가져가는데 보낸 뒤부터 업데이트 완료까지 3주~1달쯤 기다리는건 예사다 싶을정도. 쉐어링 신청에서 반려된 제품도 돌려준다더니 지금 1달가까이 기다리고 있는데 또! 아무소식이 없다. 누가 갖다 입다가 여름끝나면 돌려주는건가..ㅎ.... 쉐어러 입장에선 그냥 쉐어링해놓고...
전체 리뷰",어플팝업이뜰때오늘그만보기를아무리눌러도계속뜸빌린옷리뷰작성할때가끔사진첨부가안될때가있음1대1상담기능이언젠가부터안됨그래도어플자체의불편함만감수하면옷빌리기엔꽤괜찮은곳이지만쉐어링하기는굉장히불편함물건가져갈땐빠르게가져가는데보낸뒤부터업데이트완료까지3주1달쯤기다리는건예사다싶을정도쉐어링신청에서반려된제품도돌려준다더니지금1달가까이기다리고있는데또아무소식이없다누가갖다입다가여름끝나면돌려주는건가ㅎ쉐어러입장에선그냥쉐어링해놓고전체리뷰,"['어플', '팝업', '뜰때', '오늘', '보기', '계속', '리뷰', '작성', '가끔', '사진', '첨부', '상담', '기능', '어플', '자체', '감수', '쉐어', '물건', '업데이트', '완료', '예사', '정도', '쉐어', '신청', '반려', '제품', '지금', '가까이', '무소식', '누가', '입다', '여름', '건가', '쉐어', '입장', '쉐어', '전체', '리뷰']"
46,"리뷰 중에 가방 엉망되어 왔다는거 보고, 좀 걱정했는데 정말 그러네요. 쉬폰이랑 실크 소재 옷 보내면서 혹시나 해서 반송용 박스 같이 보내고 반려시 박스에 넣어달라고 요청드렸는데 이행되지 않았습니다. 개인 한명한명 요청사항에 대응할수 없을수도 있다 생각돼서 그 부분은 이해합니다. 하지만 옷 반려시 포장상태는 화나네요. 무슨 시장에서 산 만원,이만원 옷도 아니고 둘둘 말아서 구겨넣었네요. 반드시 접어서 봉투에 넣는게 그리 어려운 일인가요? 반려되는 옷들은 버리는거 아닙니다. 보낸 사람이 다시 입을수도 있고 다른 누군가가 입을수도 있죠...
전체 리뷰",리뷰중에가방엉망되어왔다는거보고좀걱정했는데정말그러네요쉬폰이랑실크소재옷보내면서혹시나해서반송용박스같이보내고반려시박스에넣어달라고요청드렸는데이행되지않았습니다개인한명한명요청사항에대응할수없을수도있다생각돼서그부분은이해합니다하지만옷반려시포장상태는화나네요무슨시장에서산만원이만원옷도아니고둘둘말아서구겨넣었네요반드시접어서봉투에넣는게그리어려운일인가요반려되는옷들은버리는거아닙니다보낸사람이다시입을수도있고다른누군가가입을수도있죠전체리뷰,"['리뷰', '가방', '엉망', '보고', '걱정', '정말', '쉬폰', '실크', '소재', '반송', '박스', '반려', '박스', '달라', '요청', '이행', '개인', '요청', '사항', '대응', '생각', '부분', '이해', '반려', '포장', '상태', '시장', '산만', '이만원', '둘둘', '봉투', '반려', '사람', '시입', '수도', '누군가', '가입', '수도', '전체', '리뷰']"
47,"리뷰가 지워진 건가요? 어플을 사용할 수록 어이가 없어서 헛웃음이 나오네요 ㅋㅋ 관리가 안 되어있어도 너무 안 되어 있는 거 아닌가요. 가입은 어찌어찌했는데 기본적으로 앱이 잘 구동되지도 않으면 뭘 볼 수가 없잖아요. 자꾸 쿠폰 발급 창 뜨면서 멤버십 가입하라고 결제유도는 아주 적극적으로 하는 것에 비해 렉도 너무 심하고 카테고리를 보려고 누르면 아무것도 안 뜨고 한참 있다가 떠서 다른 거 보는 와중에 다른 창으로 넘어가고 이것 말고도 짜잘한 것부터 하나하나 적기도 힘들정도로 기본적인게 너무 안 되어있어요. 제 휴대폰 탓을 하기엔 ...
전체 리뷰",리뷰가지워진건가요어플을사용할수록어이가없어서헛웃음이나오네요ㅋㅋ관리가안되어있어도너무안되어있는거아닌가요가입은어찌어찌했는데기본적으로앱이잘구동되지도않으면뭘볼수가없잖아요자꾸쿠폰발급창뜨면서멤버십가입하라고결제유도는아주적극적으로하는것에비해렉도너무심하고카테고리를보려고누르면아무것도안뜨고한참있다가떠서다른거보는와중에다른창으로넘어가고이것말고도짜잘한것부터하나하나적기도힘들정도로기본적인게너무안되어있어요제휴대폰탓을하기엔전체리뷰,"['리뷰', '가요', '어플', '을사', '웃음', '관리', '무안', '가입', '기본', '구동', '자꾸', '쿠폰', '발급', '멤버십', '가입', '결제', '유도', '아주', '적극', '무심', '카테고리', '아무', '도안', '한참', '와중', '적기', '정도', '기본', '휴대폰', '전체', '리뷰']"
48,1. 이용권 구매를 결정하기 위해 옷을 보는데 이용권 사라는 팝업이 가로막고 안사면 못봄 2. 옷을 이것저것 보고 싶은데 뒤로가기만 하면 홈으로 감 3. 잠깐 다른 앱에서 뭐 하고 와도 재구동+홈으로 감 4. 한 아이템 보고 돌아오면 리스트 최상위로 돌아가있음 5. 광고 팝업 오늘은 그만보기 아무리 눌러도 꺼지지도 않음 앱이 너무 쓰기 힘들어서 화가 나서 매번 도전에 실패하네요,1이용권구매를결정하기위해옷을보는데이용권사라는팝업이가로막고안사면못봄2옷을이것저것보고싶은데뒤로가기만하면홈으로감3잠깐다른앱에서뭐하고와도재구동홈으로감4한아이템보고돌아오면리스트최상위로돌아가있음5광고팝업오늘은그만보기아무리눌러도꺼지지도않음앱이너무쓰기힘들어서화가나서매번도전에실패하네요,"['이용권', '구매', '결정', '위해', '이용권', '사라', '팝업', '가로막', '안사면', '못봄', '가기', '만하', '아이템', '보고', '리스트', '최상', '위로', '광고', '팝업', '오늘', '보기', '쓰기', '화가', '도전']"
49,결혼식한번갈려고 옷을사기엔 부담이였는데 저렴한가격에 다양한 옷이랑 가방을 대여할수있어서 넘좋았어요 ^^,결혼식한번갈려고옷을사기엔부담이였는데저렴한가격에다양한옷이랑가방을대여할수있어서넘좋았어요,"['결혼식', '한번', '사기', '부담', '가격', '가방', '대여']"
50,"의도가 정말 좋아요. 합리적인 가격에 옷을 구매가 아니라 대여 할 수 있어서 더 다양하게, 사기에는 부담스러웠던 옷등을 입을 수 있어서 좋습니다. 그렇지만 이 점도 사용을 할 수 있어야 좋은 거죠ㅠ 영상이 많아서인지 로딩이 너무 느립니다. 한번 들어가면 계속 기다려야 하고 공지를 지우다가 엉뚱한 옷을 클릭하게되고, 나가느라 또 로딩이 걸리고. 악순환의 반복입니다. 거기에 렉도 너무 많아서 사용하기가 꺼려집니다. 이런 점이 개선되면 좋을 것 같습니다. 현재로서는 사용하기 힘들고 스트레스받아 안들어가게 됩닏다:(",의도가정말좋아요합리적인가격에옷을구매가아니라대여할수있어서더다양하게사기에는부담스러웠던옷등을입을수있어서좋습니다그렇지만이점도사용을할수있어야좋은거죠ㅠ영상이많아서인지로딩이너무느립니다한번들어가면계속기다려야하고공지를지우다가엉뚱한옷을클릭하게되고나가느라또로딩이걸리고악순환의반복입니다거기에렉도너무많아서사용하기가꺼려집니다이런점이개선되면좋을것같습니다현재로서는사용하기힘들고스트레스받아안들어가게됩닏다,"['의도', '정말', '합리', '가격', '구매', '대여', '사기', '옷등', '점도', '사용', '영상', '인지', '로딩', '한번', '계속', '공지', '클릭', '로딩', '악순환', '반복', '서사', '개선', '현재', '스트레스']"
51,"월정액이 다음 달로 넘어갈 때 자동 결제되는데 월정액을 끊는 방법은 없네요. 그 외에도 뒤로가기 한 번만 누르면 계속 홈 화면만 나온다거나, 옷을 색상별로 필터링 해서 보려 했는데 색상필터링 버튼만 있고 실제로는 전혀 필터링 되지 않고요, 또 다른 사람이 대여중인 옷은 대여든 구매든 가격 확인이 아예 불가능합니다. 저번 달에 월정액 한 번 결제해서 잘 쓰긴 했는데 이번 달에 자동결제되어서 깜짝 놀랐네요. 결국 1:1 상담까지 가서 결제취소해달라고 했긴 했는데 아직 응답도 없습니다. 어떻게 운영을 하는건지 모르겠네요. 앱이 너무 불친...
전체 리뷰",월정액이다음달로넘어갈때자동결제되는데월정액을끊는방법은없네요그외에도뒤로가기한번만누르면계속홈화면만나온다거나옷을색상별로필터링해서보려했는데색상필터링버튼만있고실제로는전혀필터링되지않고요또다른사람이대여중인옷은대여든구매든가격확인이아예불가능합니다저번달에월정액한번결제해서잘쓰긴했는데이번달에자동결제되어서깜짝놀랐네요결국11상담까지가서결제취소해달라고했긴했는데아직응답도없습니다어떻게운영을하는건지모르겠네요앱이너무불친전체리뷰,"['정액', '음달', '결제', '정액', '방법', '가기', '번만', '계속', '색상', '별로', '필터', '색상', '필터', '버튼', '실제', '전혀', '필터', '사람', '이대', '여중', '대여', '구매', '가격', '확인', '아예', '저번', '정액', '한번', '결제', '자동', '결제', '깜짝', '상담', '결제', '취소', '응답', '운영', '불친', '전체', '리뷰']"
52,"3개월차 유저입니다 모바일 서비스기획/개발만 개선되면 정말 좋은서비스일듯. 비즈니스 모델자체는 너무 훌륭하네요. Ux와 ui가 이 좋은 서비스를 못받쳐주는게 너무나 아쉽습니다. 앱사용하는게 너무나 힘들어요 정말 오랜만에 이렇게 느리고 불편한앱을 열심히 써보네요.(전단계 페이지 못보는건 진짜 서비스기획자의 센스를 의심하고싶네요 기본아닌가요ㅠㅠ).앞서 혹평주신 분들 심정 충분히 이해갑니다만 사업자체의 매력에 3점 남깁니다. 제발좀 개선해주세요. 헤비유저로서의 애정어린 부정의견은 양해부탁드려요. 상품,마케팅,cs,비즈니스전략은 만족합니다...
전체 리뷰",3개월차유저입니다모바일서비스기획개발만개선되면정말좋은서비스일듯비즈니스모델자체는너무훌륭하네요Ux와ui가이좋은서비스를못받쳐주는게너무나아쉽습니다앱사용하는게너무나힘들어요정말오랜만에이렇게느리고불편한앱을열심히써보네요전단계페이지못보는건진짜서비스기획자의센스를의심하고싶네요기본아닌가요ㅠㅠ앞서혹평주신분들심정충분히이해갑니다만사업자체의매력에3점남깁니다제발좀개선해주세요헤비유저로서의애정어린부정의견은양해부탁드려요상품마케팅cs비즈니스전략은만족합니다전체리뷰,"['개월차', '유저', '모바일', '서비스', '기획', '개발', '개선', '정말', '서비스', '비즈니스모델', '자체', '서비스', '사용', '정말', '전단', '페이지', '진짜', '서비스', '기획', '센스', '의심', '기본', '앞서', '혹평', '주신', '심정', '사업', '자체', '매력', '제발', '헤비', '유저', '로서', '애정', '부정', '의견', '양해', '상품', '마케팅', '비즈니스', '전략', '전체', '리뷰']"
53,옷사서 입다보면 지겨운데 여러 의류를 입어볼수 있는 특이한 컨셉! 멤버십구입했는데 이용횟수 더 다양하게 해주시면 좀더 자주 이용할듯ㅋㅋㅋㅋ,옷사서입다보면지겨운데여러의류를입어볼수있는특이한컨셉멤버십구입했는데이용횟수더다양하게해주시면좀더자주이용할듯ㅋㅋㅋㅋ,"['입다', '의류', '컨셉', '멤버십', '구입', '이용', '횟수', '해주시', '좀더', '자주']"
54,몇개월째 이용중인데 옷을 정말 안사게되었어욤 사이즈 실패한게 몇번있는데 제 사이즈를 알고 나니까 사이즈 잘못고르는 일도 없네욤!!! 좋아욤,몇개월째이용중인데옷을정말안사게되었어욤사이즈실패한게몇번있는데제사이즈를알고나니까사이즈잘못고르는일도없네욤좋아욤,"['몇개', '이용', '정말', '사이즈', '몇번', '제사', '이즈', '사이즈', '잘못', '일도', '욤좋아욤']"
55,"가방을 하나 옷장에 맡기려고 보냈었는데.. 통과가 안 되어서 다시 반품되어 왔어요. 그런데 가방이 보냈을 때보다 훨씬 망가진 상태로 왔어요. 배송 중에 이런 건지 손잡이 부분 사이사이의 매듭이 다 벌어져있고 말끔했던 표면이 지저분해져있고.. 진짜 너덜너덜해서 돌아왔다는 느낌입니다. 애초에 직접 수거하겠다며 보내준 봉투가.. 그냥 검정 봉투죠? 솔직히 가방은 이런데 넣을 수 없는데.. 수거용 봉투가 너무 허술합니다. 박스나 가방 같은 것을 보내줄 거라 생각했는데.. 그런 부분에서 너무 실망했고. 중고로 팔 수도 있었던 가방을 괜히 여...
전체 리뷰",가방을하나옷장에맡기려고보냈었는데통과가안되어서다시반품되어왔어요그런데가방이보냈을때보다훨씬망가진상태로왔어요배송중에이런건지손잡이부분사이사이의매듭이다벌어져있고말끔했던표면이지저분해져있고진짜너덜너덜해서돌아왔다는느낌입니다애초에직접수거하겠다며보내준봉투가그냥검정봉투죠솔직히가방은이런데넣을수없는데수거용봉투가너무허술합니다박스나가방같은것을보내줄거라생각했는데그런부분에서너무실망했고중고로팔수도있었던가방을괜히여전체리뷰,"['가방', '옷장', '통과', '다시', '반품', '가방', '상태', '배송', '손잡이', '부분', '사이사이', '매듭', '표면', '진짜', '느낌', '애초', '직접', '수거', '봉투', '그냥', '검정', '봉투', '가방', '봉투', '박스', '가방', '생각', '부분', '중고', '가방', '전체', '리뷰']"
56,앱이 너무 느려서 뭘 볼 수가 없네요. 메인페이지 로딩도 느리고 옷 더보려고 카테고리 페이지로 넘어가면 거기서 멈추다시피 합니다. BM은 참 좋은데 ux가 엉망이라 앱 받아놓고 근 1년째 한번을 제대로 못썼네요. 리텐션이 중요한 비즈니스인만큼 빨리 개선됐음 합니다.,앱이너무느려서뭘볼수가없네요메인페이지로딩도느리고옷더보려고카테고리페이지로넘어가면거기서멈추다시피합니다BM은참좋은데ux가엉망이라앱받아놓고근1년째한번을제대로못썼네요리텐션이중요한비즈니스인만큼빨리개선됐음합니다,"['메인', '페이지', '로딩', '더보', '려고', '카테고리', '페이지', '거기', '엉망', '고근']"
57,일단 검색창에 검색이 잘 안됩니다... 한글로 써도 영어로 써도 대문자로 써봐도 제대로 안나오는게 너무 많아서 일일이 클릭을 해봐야한다는 점 불편합니다. 회원가입시 페북과 카톡 로그인 둘다 안되더라구요. 게다가 닉네임 겹친다고 뜨길래 닉네임만 바꿔야지 했는데 전체 창 싹 날라가구요.. 앱이 고칠게 진심 많습니다..,일단검색창에검색이잘안됩니다한글로써도영어로써도대문자로써봐도제대로안나오는게너무많아서일일이클릭을해봐야한다는점불편합니다회원가입시페북과카톡로그인둘다안되더라구요게다가닉네임겹친다고뜨길래닉네임만바꿔야지했는데전체창싹날라가구요앱이고칠게진심많습니다,"['검색', '검색', '한글', '영어', '대문자', '도제', '안나', '일일이', '클릭', '회원', '입시', '페북', '카톡', '로그인', '닉네임', '닉네임', '전체', '창싹', '진심']"
58,"사이즈 관련 개선 요청드립니다 옷 디자인에 따라 작은 사이즈여도 루즈한 핏으로 나왔거나 큰사이즈여도 핏하게 나온 옷일 수 도있는데 클로젯쉐어에 업로드된 의상들을 보면 따로 품을재서 자체적 기준에 따라 사이즈를 정하고 있는것 같은데, 옷을 고르는데 혼란을 주고 객관적이지 않은 지표로 보입니다. 브랜드에서 측정한 사이즈로 개선 요청드립니다",사이즈관련개선요청드립니다옷디자인에따라작은사이즈여도루즈한핏으로나왔거나큰사이즈여도핏하게나온옷일수도있는데클로젯쉐어에업로드된의상들을보면따로품을재서자체적기준에따라사이즈를정하고있는것같은데옷을고르는데혼란을주고객관적이지않은지표로보입니다브랜드에서측정한사이즈로개선요청드립니다,"['관련', '개선', '요청', '디자인', '사이즈', '루즈', '사이즈', '도핏', '일수', '쉐어', '업로드', '의상', '자체', '기준', '사이즈', '혼란', '객관', '지표', '브랜드', '측정', '사이즈', '개선', '요청']"
59,"최악임. 옷 검수기준에 객관성이 없고, 반려사유는 요구해야 알려줌. 고객센터 연락이 잘 안됨. 유선창구는 아예 열려있지도 않음. 고객응대 최악. 이 앱에는 절대 한푼도 안쓸것임. 셰어링 거절되어 반려되는 옷들도 일주일 넘게 갖고 있다가 돌려줌.",최악임옷검수기준에객관성이없고반려사유는요구해야알려줌고객센터연락이잘안됨유선창구는아예열려있지도않음고객응대최악이앱에는절대한푼도안쓸것임셰어링거절되어반려되는옷들도일주일넘게갖고있다가돌려줌,"['최악', '임옷', '검수', '기준', '객관성', '반려', '사유', '요구', '고객', '센터', '연락', '유선', '창구', '아예', '고객', '응대', '최악', '절대', '도안', '셰어', '거절', '반려', '일주일']"
60,제발 앱/사이트 속도 좀 개선 해주세요 ㅠ_ㅠ 몇 개월 전에 취소했다 재구독 하려고 들어왔는데 아직까지도 속도 개선이 안돼있네요. 서비스가 좋아서웬만하면 쓰고 싶은데 이 앱만 열었다하면 스트레스를 너~무 많이 받아서 그냥 재결제 포기했어요ㅠㅠ 진짜 지금 속도로는 도저히 속터져서 이용 불가 ㅠㅠ 다른 비즈니스 우선순위가 있으니까 반영을 안하시는 것이겠지만.. 저같이 속도때문에 이용 안하는 고객들 꽤 있을테니 꼭 고려해주세요... 속도만 개선되면 다시 결제할테니 제발 개선좀 부탁드립니다ㅠㅠ,제발앱사이트속도좀개선해주세요ㅠㅠ몇개월전에취소했다재구독하려고들어왔는데아직까지도속도개선이안돼있네요서비스가좋아서웬만하면쓰고싶은데이앱만열었다하면스트레스를너무많이받아서그냥재결제포기했어요ㅠㅠ진짜지금속도로는도저히속터져서이용불가ㅠㅠ다른비즈니스우선순위가있으니까반영을안하시는것이겠지만저같이속도때문에이용안하는고객들꽤있을테니꼭고려해주세요속도만개선되면다시결제할테니제발개선좀부탁드립니다ㅠㅠ,"['제발', '사이트', '속도', '몇개', '월전', '취소', '속도', '개선', '이안', '서비스', '스트레스', '그냥', '결제', '포기', '진짜', '지금', '속도', '도저히', '이용', '불가', '비즈니스', '순위', '반영', '속도', '때문', '이용', '고객', '고려', '속도', '개선', '결제', '제발', '개선']"
61,월이용권 구매하여 사용하고 있는데 앱이 너무 불안정해서 정말 짜증나요 상품을 보면 페이지를 뒤로 누르는게 너무 당연한데 어떻게 된 앱인지 뒤로 두어번 누르면 아무키도 안먹혀서 결국 닫고 새로 실행해야해요 뭐하나 보려면 앱 종료하고 다시 켜기를 진짜 거짓말안하고 수십번합니다 개선이 너무 시급해보이네요,월이용권구매하여사용하고있는데앱이너무불안정해서정말짜증나요상품을보면페이지를뒤로누르는게너무당연한데어떻게된앱인지뒤로두어번누르면아무키도안먹혀서결국닫고새로실행해야해요뭐하나보려면앱종료하고다시켜기를진짜거짓말안하고수십번합니다개선이너무시급해보이네요,"['이용권', '구매', '여사', '정말', '상품', '페이지', '어번', '아무', '도안', '행해', '종료', '다시', '진짜', '거짓말', '수십', '개선', '보이']"
62,인터넷으로 항상 옷을 사입을수있다고만 생각했는데 대여해서 입을수있어서 너무 신기했는데 너무 좋아요! 옷도 고급스러워 보이고 옷도 종류별로 편하게 볼수 있게 정리되어 있어 불편감 없이 쇼핑할수 있어 만족스러워요~~!,인터넷으로항상옷을사입을수있다고만생각했는데대여해서입을수있어서너무신기했는데너무좋아요옷도고급스러워보이고옷도종류별로편하게볼수있게정리되어있어불편감없이쇼핑할수있어만족스러워요,"['인터넷', '항상', '을사', '생각', '여해', '보이', '종류', '별로', '정리', '불편', '쇼핑']"
63,다 좋은데 너무너무너무 너무어주어주 느림 답답해서 옷을 고르질 못하겠음 진짜 이 느린게 젤 큰 단점,다좋은데너무너무너무너무어주어주느림답답해서옷을고르질못하겠음진짜이느린게젤큰단점,"['무어', '진짜', '게젤', '단점']"
64,"이미지가 많고 초기페이지 무거워 속도이슈있음 추천인 링크복사로 추천 버그있음 소팅 후에 상품상세보기 하고나서 뒤로돌아가면 소팅풀려있음 문의를 하면 담당자가 바뀌고 바뀔때마다 다시 처음부터 설명해야함 어플로는 가능한 기능이 극히 제한적으로, 별도문의가 필요한 부분이 다수있음",이미지가많고초기페이지무거워속도이슈있음추천인링크복사로추천버그있음소팅후에상품상세보기하고나서뒤로돌아가면소팅풀려있음문의를하면담당자가바뀌고바뀔때마다다시처음부터설명해야함어플로는가능한기능이극히제한적으로별도문의가필요한부분이다수있음,"['이미지', '초기', '페이지', '무거워', '속도', '이슈', '추천', '링크', '복사', '추천', '버그', '음소', '팅후', '상품', '상세', '보기', '문의', '담당자', '다시', '처음', '설명', '어플', '기능', '제한', '별도', '문의', '부분']"
65,어플 안열려요ㅡㅡ,어플안열려요ㅡㅡ,['어플']
66,"합리적이긴 하나 한번에 4벌 빌릴 수 있다 해놓고 외투는 두벌로 치는 게 좀 양아치다. 아직 셰어링을 하는 사람이 그렇게 많아보이진않는 이유가 옷의 종류 이쁜 거 진짜 많다고는 할 수 없어서고 그럼에도 이쁜 옷들이 있어서이용할 가치 정도는 있다 또 여러벌 구경 후 선택해야하는데 새창에서 열기도 안되고 위시리스트의 경우 카테고리설정해놔도 하나 클릭 후 뒤로가기 누르면 설정이 다시 초기화 되있어서 불편하다 또 검색결과를 믿을수가 없는게 검색으로 안나오는것들도 있고 매번 못봤던 옷을 발견 세탁 안해도 돼서 편하다 pc고 어플이고 오류자주...
전체 리뷰",합리적이긴하나한번에4벌빌릴수있다해놓고외투는두벌로치는게좀양아치다아직셰어링을하는사람이그렇게많아보이진않는이유가옷의종류이쁜거진짜많다고는할수없어서고그럼에도이쁜옷들이있어서이용할가치정도는있다또여러벌구경후선택해야하는데새창에서열기도안되고위시리스트의경우카테고리설정해놔도하나클릭후뒤로가기누르면설정이다시초기화되있어서불편하다또검색결과를믿을수가없는게검색으로안나오는것들도있고매번못봤던옷을발견세탁안해도돼서편하다pc고어플이고오류자주전체리뷰,"['합리', '한번', '외투', '아치', '셰어', '사람', '이유', '종류', '진짜', '서고', '이용', '정도', '여러', '경후', '선택', '새창', '열기', '위시', '리스트', '경우', '카테고리', '설정', '클릭', '후뒤', '가기', '설정', '시초', '기화', '검색', '결과', '검색', '안나', '발견', '세탁', '안해', '어플', '오류', '자주', '전체', '리뷰']"
67,원하는 옷 스타일을 보기 편하게 분류되어 있어서 정말 편리한 앱이에요! 다른 스타일 관련 앱들보다는 가격이 나가는 편이기는 한데 그만큼 옷이 예뻐서 좋은것 같아요~ 이앱 좋네여ㅎㅎ,원하는옷스타일을보기편하게분류되어있어서정말편리한앱이에요다른스타일관련앱들보다는가격이나가는편이기는한데그만큼옷이예뻐서좋은것같아요이앱좋네여ㅎㅎ,"['스타일', '보기', '분류', '정말', '스타일', '관련', '가격', '편이']"
68,가격이 좀 있는데 사용자가 끊임 없이 대여 가능한 옷을 찾아야 해서 너무 피곤 하더군요. 이쁜 옷은 모두 대여 중.,가격이좀있는데사용자가끊임없이대여가능한옷을찾아야해서너무피곤하더군요이쁜옷은모두대여중,"['가격', '사용자', '가능', '대여']"
69,원하는 스타일의 옷들이 종류별로 구비되어 있는거 같아요~ 앱 통해서 구매도 해서 입어보고 스타일링도 비교해보고 덕분에 페션센스가 좀 늘은거 같네요.,원하는스타일의옷들이종류별로구비되어있는거같아요앱통해서구매도해서입어보고스타일링도비교해보고덕분에페션센스가좀늘은거같네요,"['스타일', '종류', '별로', '구비', '통해', '구매', '도해', '스타', '일링', '비교', '덕분', '에페', '센스', '좀늘']"
70,옷을 보낸지가 언제인데 아직도 검수 대기중..... 한달 다 되어가네요 안 올릴거면 빨리 돌려주기라도 하든가 이건 계절 다 지나서 어디 중고로 내놓지도 못하겠고 도대체 직원이 몇이기에 이렇게 일이 느린지 모르겠습니다,옷을보낸지가언제인데아직도검수대기중한달다되어가네요안올릴거면빨리돌려주기라도하든가이건계절다지나서어디중고로내놓지도못하겠고도대체직원이몇이기에이렇게일이느린지모르겠습니다,"['검수', '대기', '어가', '요안', '계절', '다지', '중고', '대체', '직원', '이기', '일이']"
71,오류가 너무 심하네요..회원가입 할라는데 페이지 못찾는다고 나오고 카카오계정도 이미있다고 경고문계속 뜨고 서비스 하시기전에 앱부터 제대로 만들어주세요.,오류가너무심하네요회원가입할라는데페이지못찾는다고나오고카카오계정도이미있다고경고문계속뜨고서비스하시기전에앱부터제대로만들어주세요,"['오류', '회원', '가입', '페이지', '카카오', '정도', '고경', '고문', '계속', '서비스', '기전', '제대로']"
72,옷 빌리는곳 찾아보고 있었는데 이렇게 좋은앱을 이제야 알았다니 ㅠㅠ 진짜 너무 좋아요 강추!! 빌리는법도 편리하고 가격도 괜찮고 너무 좋은것같아요~ㅠㅠ,옷빌리는곳찾아보고있었는데이렇게좋은앱을이제야알았다니ㅠㅠ진짜너무좋아요강추빌리는법도편리하고가격도괜찮고너무좋은것같아요ㅠㅠ,"['이제야', '진짜', '요강', '법도', '가격']"
73,명품을 싼값에 직접 얼굴 대면 하지 않고 빌릴수 있어서 좋네요... 거지꼴로 가면 안빌려 줄거 같은데.. 여기는 안따져서 좋네요..,명품을싼값에직접얼굴대면하지않고빌릴수있어서좋네요거지꼴로가면안빌려줄거같은데여기는안따져서좋네요,"['명품', '싼값', '직접', '얼굴', '대면', '거지', '가면']"
74,아예안뜸 홈페이지도 안떠서 앱설치했는데 앱도 처음에만 보이다 회원가입하고 다시들어오니 안떠요.. 매번 이러는거면 이용권 구매 해도될지 심각하게 고민됩니다,아예안뜸홈페이지도안떠서앱설치했는데앱도처음에만보이다회원가입하고다시들어오니안떠요매번이러는거면이용권구매해도될지심각하게고민됩니다,"['아예', '홈페이지', '도안', '설치', '처음', '보이', '회원', '가입', '다시', '이용권', '구매', '해도', '고민']"
75,앱이 정말 사용하기 불편해요. 느리고 앱 사용 중 다른 앱 갔다가 다시 클로젯쉐어로 오면 메인화면으로 초기화됩니다.,앱이정말사용하기불편해요느리고앱사용중다른앱갔다가다시클로젯쉐어로오면메인화면으로초기화됩니다,"['정말', '사용', '사용', '다시', '쉐어', '메인', '초기']"
76,어플 너무 버벅거리고 느립니다 개선좀 해주세요,어플너무버벅거리고느립니다개선좀해주세요,"['어플', '버벅', '거리', '개선']"
77,앱 가입하고 결제 후 취소 하려는데 취소가 카톡과 고객센터로만 되네요. 취소가 어려워도 앱으로 안되는 건 처음이네요 다신 쓰고 싶지 않아요,앱가입하고결제후취소하려는데취소가카톡과고객센터로만되네요취소가어려워도앱으로안되는건처음이네요다신쓰고싶지않아요,"['가입', '결제', '취소', '취소', '카톡', '고객', '센터', '로만', '취소', '처음']"
78,옷도 사이즈별로 다양하게 없고.. 이쁜 옷 있으면 다 S이고.. M도 잘 없어요.. 있어도 대여중. 고객서비스도 부실.. 완전 비추합니다..,옷도사이즈별로다양하게없고이쁜옷있으면다S이고M도잘없어요있어도대여중고객서비스도부실완전비추합니다,"['별로', '대여', '고객', '서비스', '부실', '완전']"
79,66사이즈 의류만 따로 모아서 볼 수 있어서 좋았러료 브랜드도 많고 일상복부터 롱드레스까지 선택폭 넓어서 좋았네요 !,66사이즈의류만따로모아서볼수있어서좋았러료브랜드도많고일상복부터롱드레스까지선택폭넓어서좋았네요,"['의류', '브랜드', '일상', '드레스', '선택']"
80,좋은 옷들도 다양하게 많고 패션에 도움되는 글도 많은거 같아요 옷에 관심이 많으니 안좋을 수 밖에 없는 앱,좋은옷들도다양하게많고패션에도움되는글도많은거같아요옷에관심이많으니안좋을수밖에없는앱,"['패션', '도움', '관심']"
81,앱 사용자인데요... 사이트에 들어가지질 않아서 삭제하고 다시 깔았는데도 여전히 마찬가지이네요 ㅠㅠ 댓글보니 며칠째 이 상황인 모양인데 사용자들에게 설명은 있어야하지 않나요???,앱사용자인데요사이트에들어가지질않아서삭제하고다시깔았는데도여전히마찬가지이네요ㅠㅠ댓글보니며칠째이상황인모양인데사용자들에게설명은있어야하지않나요,"['사용자', '사이트', '삭제', '다시', '마찬가지', '댓글', '며칠', '황인모', '사용자', '설명']"
82,지하철 광고보구 가입해서 렌트 몆번했는데요 상태도 좋구 세탁하지 않고 반납해서 좋더라구요^^ 택배비 무료인건 비밀ㅋ..셰어? 해보니 대여나갈때마다 적립금이 매일 쌓이더라구요..좋은 시스템 인듯 합니다 전 만족해요..감사합니다 승승장구하세요^^,지하철광고보구가입해서렌트몆번했는데요상태도좋구세탁하지않고반납해서좋더라구요택배비무료인건비밀ㅋ셰어해보니대여나갈때마다적립금이매일쌓이더라구요좋은시스템인듯합니다전만족해요감사합니다승승장구하세요,"['지하철', '광고', '보구', '가입', '렌트', '상태', '구세', '반납', '택배', '무료', '인건비', '셰어', '대여', '적립금', '매일', '시스템', '승승장구']"
83,빨리 환불해주세요 왜 50프로 쿠폰선택했는데 할인없이 결제가 되나요 1대1문의도 에러나고... 이메일 드렸으니 환불해주세요,빨리환불해주세요왜50프로쿠폰선택했는데할인없이결제가되나요1대1문의도에러나고이메일드렸으니환불해주세요,"['환불', '프로', '쿠폰', '선택', '할인', '결제', '의도', '에러', '이메일', '환불']"
84,갑자기 마케팅동의 안하면 사용할수가 없게 팝업이 계속 뜨는데 너무 짜증나서 안쓰고 싶어졌어요,갑자기마케팅동의안하면사용할수가없게팝업이계속뜨는데너무짜증나서안쓰고싶어졌어요,"['갑자기', '마케팅', '의안', '팝업', '계속']"
85,처음으로 사용하려고 어플깔았는데 너무 느리고 렉걸리고이래서 시작도못하고 뭘 할수가없어요..,처음으로사용하려고어플깔았는데너무느리고렉걸리고이래서시작도못하고뭘할수가없어요,"['처음', '사용', '려고', '어플', '시작']"
86,가입하니까 있는 아이디라 그러고 로그인 하려니까 존재하지 않는 아이디라고 나오는데 도대체 어떻게 해야 이용 가능하죠,가입하니까있는아이디라그러고로그인하려니까존재하지않는아이디라고나오는데도대체어떻게해야이용가능하죠,"['가입', '아이디', '로그', '존재', '아이디', '대체']"
87,나만이런가..화면이..왜이래?...1시간째..어플 이상한거같은데..,나만이런가화면이왜이래1시간째어플이상한거같은데,['런가']
88,업데이트 된 것 같은데 소셜로그인 기능이 아예 안먹습니다 계속 첫화면으로 돌아와요..피드백 부탁드립니다,업데이트된것같은데소셜로그인기능이아예안먹습니다계속첫화면으로돌아와요피드백부탁드립니다,"['업데이트', '소셜', '로그인', '기능', '아예', '계속', '피드백']"
89,세어 할때는 잘 생각하고 브렌드 있다고 내면 안되요. 외국 것은 잘 모르는 거 같고 뭘 기준으로 선별 하는지 불분명 해요. 조금 씩 보내는게 좋겠어요. 전 다시는 선택 안 합니다.,세어할때는잘생각하고브렌드있다고내면안되요외국것은잘모르는거같고뭘기준으로선별하는지불분명해요조금씩보내는게좋겠어요전다시는선택안합니다,"['생각', '브렌', '외국', '기준', '지불', '요전', '선택']"
90,어플 너무 느리고... 자꾸 튕깁니다,어플너무느리고자꾸튕깁니다,"['어플', '자꾸']"
91,이용하기 편리하고 가격 부담이 있는 써볼수 있어서 좋아요~~,이용하기편리하고가격부담이있는써볼수있어서좋아요,"['이용', '가격', '부담']"
92,너무 느려요 답답해요ㅠㅠㅠ 볼려고 해도 볼 수 가 없네요 해결해주세요,너무느려요답답해요ㅠㅠㅠ볼려고해도볼수가없네요해결해주세요,"['해도', '해결']"
93,도대체 왜 자꾸 앱이 중지되는거죠? 지웠다 깔아도 그대로네요. 짜증..,도대체왜자꾸앱이중지되는거죠지웠다깔아도그대로네요짜증,"['도대체', '자꾸', '중지', '그대로', '짜증']"
94,404... 어떻게 로그인하자마자 404... 이게 유일한 매장이잖아요.... 오마이갓...,404어떻게로그인하자마자404이게유일한매장이잖아요오마이갓,"['게로', '인하', '매장', '오마이갓']"
95,"인스타 통해 설치, 가입후 접속이 안돼고있느니 원ㅡㅡ....",인스타통해설치가입후접속이안돼고있느니원ㅡㅡ,"['인스타', '통해', '설치', '가입', '접속', '이안']"
96,투자도 많이 받았다던데 옷도 별로 없고 ux도 어렵고 굉장히 난해한 서비스네요,투자도많이받았다던데옷도별로없고ux도어렵고굉장히난해한서비스네요,"['투자', '별로', '서비스']"
97,어플 사용하라고 만든거 맞나요? 속터지게 하려고 만든듯. 렉심해서 못써먹겠네요,어플사용하라고만든거맞나요속터지게하려고만든듯렉심해서못써먹겠네요,"['어플', '사용', '지게', '려고']"
98,앱이 왤케 느려요 무료 개설 사이트도 이렇겐 안느릴듯,앱이왤케느려요무료개설사이트도이렇겐안느릴듯,"['무료', '개설', '사이트', '겐안']"
99,페이지 넘어가는게 너무 느려요 ㅠ,페이지넘어가는게너무느려요ㅠ,['페이지']
100,어떻게 어플이 이렇게 며칠씩 안 열리나요~9,어떻게어플이이렇게며칠씩안열리나요9,"['어플', '며칠']"
101,app자체는넘좋은것같은데..일단..너무느려요ㅠ,app자체는넘좋은것같은데일단너무느려요ㅠ,['자체']
102,너무 느리고 화면이 아예 안보여요. . . .,너무느리고화면이아예안보여요,"['화면', '아예', '안보', '여요']"
103,알림설정에서 알림을 꺼도꺼도 다시 알림이 오고 확인해보면 다시 알림 설정이 켜있어요,알림설정에서알림을꺼도꺼도다시알림이오고확인해보면다시알림설정이켜있어요,"['알림', '설정', '다시', '알림', '이오', '확인', '알림', '설정']"
104,아이디어는좋은데 어플이 느려서 답답해요,아이디어는좋은데어플이느려서답답해요,"['아이디어', '어플']"
105,잘 사용하고 있습니다,잘사용하고있습니다,[]
106,좋아용 포인트 적립되면 나중에 쓸수 있어서 너무 좋아용,좋아용포인트적립되면나중에쓸수있어서너무좋아용,"['포인트', '적립', '나중']"
107,너무 느려요 ....왜케 옷사진이 늦게 뜨는건가요 ???,너무느려요왜케옷사진이늦게뜨는건가요,"['왜케옷', '사진', '가요']"
108,옷을 대여하기 쉬운어플입니다,옷을대여하기쉬운어플입니다,"['대여', '어플']"
109,제발 앱 속도개선 좀요!!!!!!!서비스 이용하고싶어도 앱 너무느려요,제발앱속도개선좀요서비스이용하고싶어도앱너무느려요,"['제발', '속도', '개선', '서비스']"
110,로그인이 안되요 ㅡㅡ 짜증나,로그인이안되요ㅡㅡ짜증나,['로그인']
111,예전보다 훨씬 부드러워져서 좋습니다!,예전보다훨씬부드러워져서좋습니다,['예전']
112,아니 무슨?! 왜이렇게 옷브랜드가 여자한테 몰려있나요? 남자는 이용하면 안되나요? 카파 마하그리드 왜 이런 브랜드가 없죠????,아니무슨왜이렇게옷브랜드가여자한테몰려있나요남자는이용하면안되나요카파마하그리드왜이런브랜드가없죠,"['브랜드', '여자', '카파', '마하', '그리드', '브랜드']"
113,웹으로만 되다가 이제 앱나와서 훨씬 편하네요,웹으로만되다가이제앱나와서훨씬편하네요,['이제']
114,옷장이 슬림해져서 좋아요,옷장이슬림해져서좋아요,"['옷장', '이슬']"
115,관리가 아얘안되는듯하네요,관리가아얘안되는듯하네요,['관리']
116,진짜 무슨 고객센터 번호도 없는 이런곳..선택한 내가 잘못이지,진짜무슨고객센터번호도없는이런곳선택한내가잘못이지,"['진짜', '고객', '센터', '번호', '선택', '잘못']"
117,업데이트이후 앱이 안켜져요,업데이트이후앱이안켜져요,"['업데이트', '이후', '이안']"
118,속도가 부모님안부물어보게함. 암걸려서 2점,속도가부모님안부물어보게함암걸려서2점,"['속도', '부모님', '안부', '함암']"
119,결혼식날 진짜 최고!!!!!!!!!너무너무너무너무 조아,결혼식날진짜최고너무너무너무너무조아,"['결혼식', '진짜', '최고', '무조']"
120,회원가입정보다쓰고 불편드려죄송하단 메세지창달랑~~,회원가입정보다쓰고불편드려죄송하단메세지창달랑,"['회원', '가입', '정보', '불편', '메세지', '달랑']"
121,지금 어플이랑 사이트 둘 다 접속 안돼요 무슨 일 있나요??,지금어플이랑사이트둘다접속안돼요무슨일있나요,"['지금', '어플', '사이트', '접속']"
122,편리한 어플입니다,편리한어플입니다,['어플']
123,남자친구폰으로 다운받고 잘보고있어요 마르지엘라 지방시 넣어주세요 아 그리구 구찌 마몬트 마틀라세 스몰도 넣어주세요,남자친구폰으로다운받고잘보고있어요마르지엘라지방시넣어주세요아그리구구찌마몬트마틀라세스몰도넣어주세요,"['남자친구', '다운', '마르지', '엘라', '지방시', '구찌', '몬트', '마틀', '스몰']"
124,남자옷은 없네요 ㅠ,남자옷은없네요ㅠ,['남자']
125,유용한거같아요!,유용한거같아요,[]
126,탈퇴하는 방법좀 알려주세요,탈퇴하는방법좀알려주세요,"['탈퇴', '방법']"
127,앱 편하고좋네요.,앱편하고좋네요,[]
128,여성전용 대여플랫폼이네요.,여성전용대여플랫폼이네요,"['전용', '플랫폼']"
129,회원가입이 안되네요,회원가입이안되네요,"['회원', '가입']"
130,어플 좋네요 ㅎㅎ,어플좋네요ㅎㅎ,['어플']
131,진짜 좋아요,진짜좋아요,['진짜']
132,왜자꾸꺼지나요,왜자꾸꺼지나요,['자꾸']
133,안켜짐,안켜짐,[]
134,너무느림,너무느림,[]
135,앱불편합니다,앱불편합니다,[]
136,정말편하네요,정말편하네요,['정말']
137,요즘 옷이나 가방이 터무니 없이 비싸서 저럼한 제품만 찾았었는데.. 클로젯쉐어 덕분에 평소 너무 갖고싶지만 비싸서 구매할 엄두도 못냈던 제품을 사용해볼 수 있어서 신세계였습니다 ㅠㅠ(감격) 결혼식 하객이나 자주 입지 않아 사기가 꺼려지는 옷들을 빌릴 수 있으니 여러모로 좋은 앱이네요^^감사합니다~~~,요즘옷이나가방이터무니없이비싸서저럼한제품만찾았었는데클로젯쉐어덕분에평소너무갖고싶지만비싸서구매할엄두도못냈던제품을사용해볼수있어서신세계였습니다ㅠㅠ감격결혼식하객이나자주입지않아사기가꺼려지는옷들을빌릴수있으니여러모로좋은앱이네요감사합니다,"['요즘', '가방', '무니', '제품', '쉐어', '덕분', '평소', '구매', '엄두', '제품', '사용', '신세계', '감격', '결혼식', '하객', '자주', '입지', '사기', '모로']"
138,하도 얘기해서 어플 다운로드 받고 중요한 만남 장소에 이용해서 대여를 해봤습니다,하도얘기해서어플다운로드받고중요한만남장소에이용해서대여를해봤습니다,"['얘기', '어플', '다운로드', '만남', '장소', '에이', '대여']"
139,제가 아무리 빌리고싶은 옷과 가방을 골라놔도 각각 회수 시기가 맞지 않아 코디가 어렵습니다,제가아무리빌리고싶은옷과가방을골라놔도각각회수시기가맞지않아코디가어렵습니다,"['가방', '회수', '시기', '아코']"
140,앱은 뒤로 버튼 없어서 엄청 불편하고..개선할 생각도 없어보이고,앱은뒤로버튼없어서엄청불편하고개선할생각도없어보이고,"['버튼', '고개', '생각', '보이']"
141,"저는 클로젯셰어를 2년 전에 처음 사용한 뒤로 지금까지도 때때로 사용하는데요, 버려지는 의류 쓰레기를 줄이고 오히려 그걸 가치있게 재생산하는 걸 도와줘서 굉장히 의미있는 서비스를 제공한다고 생각해요. 어떻게보면 내가 갖지도 못할 물건에 돈을 쓰는 게 더 낭비라고 생각될 수도 있는데요, 사놓고 한 두번밖에 입지 않은 옷들을 결국에 버린 경험이 있는 사람들이라면 이해하실 거에요. 그래서 매달 의류에 일정 금액을 지불하시는 분들에게는 이 방법도 나쁘지 않은 것 같고요, 결혼식이나 특별한 파티 같은 이벤트가 있어서 일회성으로 옷을 마련해야 하는 분들께는 정말 좋은 옵션인 것 같아요.",저는클로젯셰어를2년전에처음사용한뒤로지금까지도때때로사용하는데요버려지는의류쓰레기를줄이고오히려그걸가치있게재생산하는걸도와줘서굉장히의미있는서비스를제공한다고생각해요어떻게보면내가갖지도못할물건에돈을쓰는게더낭비라고생각될수도있는데요사놓고한두번밖에입지않은옷들을결국에버린경험이있는사람들이라면이해하실거에요그래서매달의류에일정금액을지불하시는분들에게는이방법도나쁘지않은것같고요결혼식이나특별한파티같은이벤트가있어서일회성으로옷을마련해야하는분들께는정말좋은옵션인것같아요,['셰어']
142,"처음에 맨투맨 하나를 3개월 셰어하고 다시 받았을때, 제가 가지고 있었을 때보다 더 깨끗한 상태임을 확인하고 믿음을 가지게 되어 이후에 몇몇가지 종류의 옷들을 셰어했습니다. 그런데 최근에 두벌의 옷을 셰어상태를 종료하고 받았는데 제가 한번밖에 입지 않았던 원피스는 냄새도 나고 중간중간에 올도 몇개 풀려있네요. 많이 불쾌했습니다. 저는 사놓고 딱 한번 한시간 입은게 다여서 정말 황당했어요. 물론 셰어하는거니까 아주 똑같은 상태가 아닐 것임은 예상했지만 이렇게 이상한 상태일 줄은 몰랐네요. 다시는 이용하지 않을겁니다. 취지도 좋고 너무 괜찮은 앱이라고 생각했는데 옷에 냄새 나는건 너무했어요.",처음에맨투맨하나를3개월셰어하고다시받았을때제가가지고있었을때보다더깨끗한상태임을확인하고믿음을가지게되어이후에몇몇가지종류의옷들을셰어했습니다그런데최근에두벌의옷을셰어상태를종료하고받았는데제가한번밖에입지않았던원피스는냄새도나고중간중간에올도몇개풀려있네요많이불쾌했습니다저는사놓고딱한번한시간입은게다여서정말황당했어요물론셰어하는거니까아주똑같은상태가아닐것임은예상했지만이렇게이상한상태일줄은몰랐네요다시는이용하지않을겁니다취지도좋고너무괜찮은앱이라고생각했는데옷에냄새나는건너무했어요,"['처음', '개월', '셰어', '다시', '때제', '가지', '상태', '확인', '믿음', '가지', '이후', '몇몇', '가지', '종류', '셰어', '최근', '에두', '셰어', '상태', '종료', '한번', '입지', '원피스', '냄새', '도나', '중간', '중간', '몇개', '한번', '게다', '정말', '셰어', '아주', '상태', '예상', '한상태', '취지', '생각', '냄새']"
143,쿠폰으로 대여하시는분들 할인 해드리는건 알겠는데,쿠폰으로대여하시는분들할인해드리는건알겠는데,"['쿠폰', '대여', '할인']"
144,렌트해서 이용하다가 이사하면서 잃어버렸습니다,렌트해서이용하다가이사하면서잃어버렸습니다,['렌트']
145,클로젯셰어 시작하면서 비싸지않은 금액으로 매달 새로운 옷을 받아볼수있게되니 의류비로 불필요하게 지출하던게 아예 없어졌구요! 따로 옷살까? 싶을때에도 클로젯셰어 생각하며 한번 더 참게되더라구요.,클로젯셰어시작하면서비싸지않은금액으로매달새로운옷을받아볼수있게되니의류비로불필요하게지출하던게아예없어졌구요따로옷살까싶을때에도클로젯셰어생각하며한번더참게되더라구요,"['셰어', '시작', '금액', '매달', '류비', '지출', '아예', '셰어', '생각', '한번', '참게']"
146,"여러 번 이용했는데 모든 면에서 너무 만족스러워요 ! 지방도 오후 4시 이전이면 당일출고여서 빠르게 받아볼 수 있어 약속 당일에 계획대로 입을 수 있어 좋았어요:) 예쁜 옷들도 많고,,❤️ 벌써 찜 해놓은 옷이 한가득이예요ㅎㅎ 그리고 무엇보다 살균 세탁해서인지 옷 상태도 뽀송뽀송 청결했고 좋은 냄새나서 기분 좋게 입을 수 있었습니다:) 데일리도 데일리지만 면접, 결혼식, 데이트 등 특별한 날 입을 수 있는 옷이 많아 좋아요ㅎㅎ 또, 한 스타일에 국한되지 않고 다양한 스타일의 옷이 있어 평소 안 입어본 스타일도 쉽게 시도할 수 있어 좋은 것 같아요 ! 좋은 점이 너무 많네요.....ㅎㅎㅎ 어쨌든 여러모로 만족한 서비스고 앞으로도 애용할 것 같아요☺️",여러번이용했는데모든면에서너무만족스러워요지방도오후4시이전이면당일출고여서빠르게받아볼수있어약속당일에계획대로입을수있어좋았어요예쁜옷들도많고벌써찜해놓은옷이한가득이예요ㅎㅎ그리고무엇보다살균세탁해서인지옷상태도뽀송뽀송청결했고좋은냄새나서기분좋게입을수있었습니다데일리도데일리지만면접결혼식데이트등특별한날입을수있는옷이많아좋아요ㅎㅎ또한스타일에국한되지않고다양한스타일의옷이있어평소안입어본스타일도쉽게시도할수있어좋은것같아요좋은점이너무많네요ㅎㅎㅎ어쨌든여러모로만족한서비스고앞으로도애용할것같아요,"['지방도', '오후', '살균', '세탁', '상태', '냄새', '기분', '일리', '도데', '일리', '면접', '결혼식', '데이트', '스타일', '국한', '스타일', '평소', '스타일', '시도', '어쨌든', '모로', '서비스', '애용']"
147,"일단 렌탈하는 옷 퀄리티가 좋은편이라 믿고 대여해요! 저도 몇개 쉐어링 하려고 보냈다가 퀄리티 기준에 못미쳐서 등록안된 옷들이 있거든요ㅠㅠ 클로젯셰어에는 한섬브랜드는 물론이고 마쥬, 산드로 같이 평소 좋아하는 브랜드 옷들이 많아서 애용하고 있습니다! 데일리룩이 아니면 평소에 잘 입을일이 없어서 비싼돈주고 사기 망설여지는데 이렇게 옷을 쉐어할수 있어서 얼마나 좋은지몰라요:) 대신 사이즈를 잘 보고 주문하는 게 ⭐️매우중요⭐️",일단렌탈하는옷퀄리티가좋은편이라믿고대여해요저도몇개쉐어링하려고보냈다가퀄리티기준에못미쳐서등록안된옷들이있거든요ㅠㅠ클로젯셰어에는한섬브랜드는물론이고마쥬산드로같이평소좋아하는브랜드옷들이많아서애용하고있습니다데일리룩이아니면평소에잘입을일이없어서비싼돈주고사기망설여지는데이렇게옷을쉐어할수있어서얼마나좋은지몰라요대신사이즈를잘보고주문하는게매우중요,"['옷퀄리티', '편이', '여해', '몇개', '쉐어', '려고', '퀄리티', '기준', '등록', '셰어', '한섬', '브랜드', '고마', '산드로', '평소', '브랜드', '애용', '일리', '평소', '일이', '사기', '쉐어', '대신', '사이즈', '보고', '주문', '매우']"
148,예전에 정기렌탈권 살까말까 고민했던 때보다 더 종류가 많아지고 스타일도 다양해졌네요! 예쁜 옷들이 완전 많아졌어요 ㅎㅎ 그리고 이벤트나 할인같은 것도 수시로 해주셔서 유용하게 이용하고 있습니다 :D 취지도 좋고 옷 좋아하는 분들에게 필수어플이네요!여성복 남성복 카테고리도 나눠져있어서 이용하기 편하구용 ㅎㅎ앞으로도 잘 이용하겠습니다 감사합니다 🥰🖤🖤,예전에정기렌탈권살까말까고민했던때보다더종류가많아지고스타일도다양해졌네요예쁜옷들이완전많아졌어요ㅎㅎ그리고이벤트나할인같은것도수시로해주셔서유용하게이용하고있습니다D취지도좋고옷좋아하는분들에게필수어플이네요여성복남성복카테고리도나눠져있어서이용하기편하구용ㅎㅎ앞으로도잘이용하겠습니다감사합니다,"['예전', '정기', '렌탈', '고민', '종류', '스타일', '완전', '이벤트', '할인', '취지', '필수', '어플', '성복', '남성', '카테고리', '이용']"
149,"요즘 같이 외출이 잦지 않은 때에 특별한 날에 드레스코드를 맞춰야할때 다양한 스타일의 옷을 가성비 좋은 가격으로 즐길 수 있다는 장점이 있는 앱이에요, 후기도 많고 이용할 수 있는 의류도 많아요❣️ 스타일도 다양해서 연말파티나 휴양지컨셉, 데이트등등 입을 수 있는 옷 많아 추천🧡 그리고 담당자분 피드백이 빨라서 문의사항 있을때에도 언제나 만족스럽습니다😆",요즘같이외출이잦지않은때에특별한날에드레스코드를맞춰야할때다양한스타일의옷을가성비좋은가격으로즐길수있다는장점이있는앱이에요후기도많고이용할수있는의류도많아요스타일도다양해서연말파티나휴양지컨셉데이트등등입을수있는옷많아추천그리고담당자분피드백이빨라서문의사항있을때에도언제나만족스럽습니다,"['요즘', '외출', '드레스코드', '스타일', '가성', '가격', '장점', '후기', '의류', '스타일', '연말', '파티', '휴양지', '컨셉', '데이트', '추천', '담당자', '피드백', '이빨', '문의사항']"
150,"마음에 드는 옷을 다 살 수는 없잖아요. 클로젯셰어에서는 정말 다양하고 예쁜 옷들을 골라 빌려 입을 수 있으니 정말 너무 좋네요. 기간도 2주로 넉넉하고요 한번 빌릴 때 4피스씩이니까 마음이 여유롭고 푸근해짐 ㅋㅋㅋㅋㅋ 아 왜 이걸 진작 몰랐을까 싶을 정도로 좋아요. 새로운 스타일도 부담 없이 시도해 볼 수 있고, 내 스타일은 아니지만 한번 입어보고는 싶은 그런 옷들 있잖아요. 그런 옷들도 대여해 볼 수 있어서 실험정신을 발휘할 수도 있네요 희희희 앞으로 꾸준히 이용할 예정입니다.",마음에드는옷을다살수는없잖아요클로젯셰어에서는정말다양하고예쁜옷들을골라빌려입을수있으니정말너무좋네요기간도2주로넉넉하고요한번빌릴때4피스씩이니까마음이여유롭고푸근해짐ㅋㅋㅋㅋㅋ아왜이걸진작몰랐을까싶을정도로좋아요새로운스타일도부담없이시도해볼수있고내스타일은아니지만한번입어보고는싶은그런옷들있잖아요그런옷들도대여해볼수있어서실험정신을발휘할수도있네요희희희앞으로꾸준히이용할예정입니다,"['마음', '에드', '살수', '셰어', '정말', '정말', '기간', '주로', '한번', '피스', '마음이여', '진작', '정도', '스타일', '부담', '시도', '스타일', '한번', '대여', '실험', '정신', '발휘', '예정']"
151,"친구가 이 어플 추천해줘서 몇 번 이용해봤는데, 정말 편하고 좋아요! 특히 중요한 일정있을때 ㅠㅠ 옷 사기 에는 난감할때 미리미리 클로젯쉐어로 신청하고 받아입으니까 굳이 한번 입을 옷 안사도 되는거라 너무너무 좋아요ㅎㅎ 이용권도 혜택이 좋아서 더욱 자주 이용할 듯 하네요👍👍 옷도 진짜 이쁜거 많고 제 스타일이라 입고나가니까 주변에서 잘어울린다고 칭찬도 들었어요ㅋㅋㅋㅋ 아무튼 강!!추!!!합니다!!",친구가이어플추천해줘서몇번이용해봤는데정말편하고좋아요특히중요한일정있을때ㅠㅠ옷사기에는난감할때미리미리클로젯쉐어로신청하고받아입으니까굳이한번입을옷안사도되는거라너무너무좋아요ㅎㅎ이용권도혜택이좋아서더욱자주이용할듯하네요옷도진짜이쁜거많고제스타일이라입고나가니까주변에서잘어울린다고칭찬도들었어요ㅋㅋㅋㅋ아무튼강추합니다,"['친구', '어플', '추천', '몇번', '이용', '정말', '일정', '사기', '미리', '미리', '쉐어', '신청', '굳이', '한번', '옷안', '사도', '이용권', '혜택', '더욱', '자주', '진짜', '스타일', '주변', '칭찬']"
152,서비스 너무 좋아서 애용하는 사람입니다. (사실 시작한지 2달째입니다) 무려 멤버십 추가 결제를 한! 클로셋셰어 입장에서는 가장 시급하게 놓치지 말아야할 고객이죠..ㅎㅎ,서비스너무좋아서애용하는사람입니다사실시작한지2달째입니다무려멤버십추가결제를한클로셋셰어입장에서는가장시급하게놓치지말아야할고객이죠ㅎㅎ,"['서비스', '애용', '사람', '사실', '시작', '한지', '무려', '멤버십', '추가', '결제', '셰어', '입장', '가장', '고객']"
153,실증을 잘내는 저로썬 너무 잘사용하고 있는 어플이예요,실증을잘내는저로썬너무잘사용하고있는어플이예요,"['실증', '어플']"
154,상품을 고를 때 하단 번호를 넘기는 데 가끔 안 넘어갈 때가 있어요ㅠ 앱을 다시 시작하거나 재로그인해봐도 똑같아서요,상품을고를때하단번호를넘기는데가끔안넘어갈때가있어요ㅠ앱을다시시작하거나재로그인해봐도똑같아서요,"['상품', '하단', '번호', '가끔', '다시', '시작', '거나', '로그인']"
155,쓰기도 편하고 물량도 제일 많은 거 같아요,쓰기도편하고물량도제일많은거같아요,"['쓰기', '고물', '제일']"
156,평소 쇼핑을 많이해서 고민이었는데.. 한가지 옷을 오래 못입어서 ㅠ 클로젯셰어를 만나구 절약도 되고 여러 스타일을 입어볼 수 있어서 너무 만족하고 있어요!! 안입는 옷도 맡겨서 수익도 나고 옷장공유라는 개념이 너무 좋은거 같아요! 앞으로 더 기대됩니다^^,평소쇼핑을많이해서고민이었는데한가지옷을오래못입어서ㅠ클로젯셰어를만나구절약도되고여러스타일을입어볼수있어서너무만족하고있어요안입는옷도맡겨서수익도나고옷장공유라는개념이너무좋은거같아요앞으로더기대됩니다,"['평소', '쇼핑', '고민', '한가지', '셰어', '절약', '여러', '스타일', '수익', '도나', '옷장', '공유', '개념', '더기']"
157,"첨엔 옷도 많이 없었는데, 점점 많아지고",첨엔옷도많이없었는데점점많아지고,['점점']
158,옛날에 드라마에서 이렇게 옷 쉐어하는거 보고 한국에도 있으면 좋겠다 생각했었어요. 실제로 가능해진 시대가 오니 놀랍네요. 옷 종류도 기본 클래식한 스타일부터 평소에 안입는 독특한 옷도 있고 다양하고 예쁜 옷이 많아서 좋아요. 다음 대여땐 평소에 잘 안입는 스타일로도 도전해보려구요!,옛날에드라마에서이렇게옷쉐어하는거보고한국에도있으면좋겠다생각했었어요실제로가능해진시대가오니놀랍네요옷종류도기본클래식한스타일부터평소에안입는독특한옷도있고다양하고예쁜옷이많아서좋아요다음대여땐평소에잘안입는스타일로도도전해보려구요,"['옛날', '드라마', '쉐어', '보고', '한국', '생각', '실제', '가오니', '종류', '기본', '클래식', '스타일', '평소', '평소', '스타일', '도전']"
159,제가 가진 옷에 플러스 알파가 되는 느낌이에요.,제가가진옷에플러스알파가되는느낌이에요,"['가가', '진옷', '플러스', '알파', '느낌']"
160,너무너무 좋은 서비스예요!,너무너무좋은서비스예요,['서비스']
161,다른 분들 보시라고 5점드린거 1점도 아까움,다른분들보시라고5점드린거1점도아까움,"['보시', '점도']"
162,"입고싶은 옷을 마음껏 렌탈해서 입을 수 있어서 좋은 것 같아요! 비싸서 사입지 못한 브랜드 옷도 많고, 브랜드 종류도 굉장히 다양하고요. 이 어플 쓰고나선 쇼핑에 돈 지출하는것도 훨씬 줄었고요. 옷장에 옷 없어서 고민하는 일이 없어졌어요! 좋은 어플 서비스 쭉 유지해주세요 감사합니당~",입고싶은옷을마음껏렌탈해서입을수있어서좋은것같아요비싸서사입지못한브랜드옷도많고브랜드종류도굉장히다양하고요이어플쓰고나선쇼핑에돈지출하는것도훨씬줄었고요옷장에옷없어서고민하는일이없어졌어요좋은어플서비스쭉유지해주세요감사합니당,"['마음껏', '렌탈', '브랜드', '브랜드', '종류', '어플', '나선', '쇼핑', '지출', '옷장', '고민', '일이', '어플', '서비스', '유지']"
163,멤버십 가입해서 출근룩 데이트룩으로 잘 쓰고 있어요 !,멤버십가입해서출근룩데이트룩으로잘쓰고있어요,"['멤버십', '가입', '출근', '데이트']"
164,친구가 추천해줘서 사용하게 된 어플이었는데 다양한 브랜드 가방과 옷이 깔끔하게 정리되어서 집 앞으로 오는게 정말 좋아요 내가 원하는 제품으로 선택도 할 수 있고 평소에는 가격 때문에 구매하지 못하는 옷과 악세서리를 착용할 수 있는게 정말 좋아요 늘 아침마다 옷고민 안해도 되어서 스트레스 줄었어요!!,친구가추천해줘서사용하게된어플이었는데다양한브랜드가방과옷이깔끔하게정리되어서집앞으로오는게정말좋아요내가원하는제품으로선택도할수있고평소에는가격때문에구매하지못하는옷과악세서리를착용할수있는게정말좋아요늘아침마다옷고민안해도되어서스트레스줄었어요,"['친구', '추천', '서사', '어플', '브랜드', '가방', '정리', '집앞', '정말', '가원', '제품', '선택', '평소', '가격', '때문', '구매', '착용', '정말', '아침', '고민', '안해', '스트레스']"
165,"정해진 금액으로 옷과 가방, 심지어 캐리어도 대여 가능하다는 것에 놀랐습니다. 멋진 행사나 중요한 자리에 갖춰입고 싶을때나 좀 튀고 싶을때 고를 수 있는 아이템이 많아서 굳이 옷을 사거나 고민하지 않고 빌려입을 수 있어 정말 좋으네요. 심플라이프로 살고자 하는데 자리 차지 않고 예쁜 아이템을 손쉽게, 세탁하지 않고 입을수 있어 만족감이 참 큽니다.",정해진금액으로옷과가방심지어캐리어도대여가능하다는것에놀랐습니다멋진행사나중요한자리에갖춰입고싶을때나좀튀고싶을때고를수있는아이템이많아서굳이옷을사거나고민하지않고빌려입을수있어정말좋으네요심플라이프로살고자하는데자리차지않고예쁜아이템을손쉽게세탁하지않고입을수있어만족감이참큽니다,"['정해진', '금액', '가방', '캐리어', '대여', '행사', '나중', '한자리', '아이템', '굳이', '을사', '거나', '고민', '정말', '심플라이프', '리차', '아이템', '세탁', '만족감', '이참']"
166,평소에 옷을 너무 좋아해서 옷이 엄청 많은데 일단 제 옷장을 비워줘서 너무 고맙고 그리고 새로운 다양한 옷들 입어볼수 있게 해줘서 넘 좋아요♥️,평소에옷을너무좋아해서옷이엄청많은데일단제옷장을비워줘서너무고맙고그리고새로운다양한옷들입어볼수있게해줘서넘좋아요,"['평소', '옷장']"
167,"매번 별로 입지도 않을 옷 사는데 돈 많이 쓰고 다녔는데, 이렇게 렌탈서비스 써보니까 넘넘 좋네요! 매달 돈 벌어가는 느낌ㅋㅋ 저처럼 옷이나 가방 아이템 금방 질리시는 분들에게는 추천합니다!",매번별로입지도않을옷사는데돈많이쓰고다녔는데이렇게렌탈서비스써보니까넘넘좋네요매달돈벌어가는느낌ㅋㅋ저처럼옷이나가방아이템금방질리시는분들에게는추천합니다,"['별로', '입지', '렌탈', '서비스', '매달', '느낌', '처럼', '가방', '아이템', '금방', '추천']"
168,제가 옷을좋아해서 옷이진짜많고 안입는옷도 그만큼많거든요. 패션에 관심이많아서 여기저기보다 알게된 어플인데요. 여기 제가 안입는옷들 빌려주고 돈도받고 또 옷을 한두번입으면 싫증을잘내는데 여기서이쁜옷빌릴수도있고 가격도부담안가고 너무진짜좋아요ㅠㅠㅠ 옷도다양하고 돈도벌고 패션꿀팁도얻어갑니당 짱좋은어플:),제가옷을좋아해서옷이진짜많고안입는옷도그만큼많거든요패션에관심이많아서여기저기보다알게된어플인데요여기제가안입는옷들빌려주고돈도받고또옷을한두번입으면싫증을잘내는데여기서이쁜옷빌릴수도있고가격도부담안가고너무진짜좋아요ㅠㅠㅠ옷도다양하고돈도벌고패션꿀팁도얻어갑니당짱좋은어플,"['진짜', '패션', '관심', '여기저기', '어플', '기제', '가안', '또옷', '싫증', '가격', '부담', '진짜', '도벌', '패션', '꿀팁', '어플']"
169,중고옷이라서 처음에는 걱정하고 빌렸는데 상태가 너무 깔끔하고 좋아요👍 기간도 넉넉해서 마음에 드는 옷 충분히 입을 수 있고 이벤트가 다양해서 할인 기다리는 재미가 있네요~!,중고옷이라서처음에는걱정하고빌렸는데상태가너무깔끔하고좋아요기간도넉넉해서마음에드는옷충분히입을수있고이벤트가다양해서할인기다리는재미가있네요,"['중고', '처음', '걱정', '상태', '기간', '마음', '에드', '이벤트', '할인', '재미']"
170,평소 입어볼수 없었던 스타일의 옷을 입어볼수 있는 기회가 생겨 좋아요,평소입어볼수없었던스타일의옷을입어볼수있는기회가생겨좋아요,"['평소', '스타일', '기회']"
171,옷 렌탈도 할수있는건 처음보는거 같은데 진짜 렌탈도 깔끔한 옷으로 오고 가격도 그리 부담되지않아서 너무 좋았어요 ㅠㅠ 공연같은거할때 빌리기 너무 좋네요 자주 이용하겠습니다~~,옷렌탈도할수있는건처음보는거같은데진짜렌탈도깔끔한옷으로오고가격도그리부담되지않아서너무좋았어요ㅠㅠ공연같은거할때빌리기너무좋네요자주이용하겠습니다,"['옷렌탈', '처음', '진짜', '렌탈', '가격', '부담', '공연', '자주']"
172,브랜드 명이나 제품명으로 검색하는 검색 기능 많아졌으면함. 원하는 스타일이 있어도 찾기가 너무 힘들고 불편함. 무엇보다 브랜드가 디자이너 브랜드 뿐이라서... 일상복으로 입기 부담스러운 스타일들이 대부분임. 옷 사지 않고 유행하는 예쁜 옷 여러벌 입고 싶어서 어플 쓰는 건데....좀 요즘 유행하는 쇼핑몰 옷들 좀 많았으면 좋겠음.,브랜드명이나제품명으로검색하는검색기능많아졌으면함원하는스타일이있어도찾기가너무힘들고불편함무엇보다브랜드가디자이너브랜드뿐이라서일상복으로입기부담스러운스타일들이대부분임옷사지않고유행하는예쁜옷여러벌입고싶어서어플쓰는건데좀요즘유행하는쇼핑몰옷들좀많았으면좋겠음,"['브랜드', '제품', '검색', '검색', '기능', '스타일', '찾기', '브랜드', '디자이너', '브랜드', '일상', '스타일', '대부분', '임옷', '사지', '유행', '여러', '어플', '요즘', '유행', '쇼핑몰']"
173,서로 스타일링도 공유하고 옷도 공유할 수 있는 아주 유익하고 윈윈할 수 있는 곳입니다!,서로스타일링도공유하고옷도공유할수있는아주유익하고윈윈할수있는곳입니다,"['서로', '스타', '일링', '공유', '공유', '윈윈']"
174,이것저것 입어보며 스타일 유목하기 딱인 앱입니다.,이것저것입어보며스타일유목하기딱인앱입니다,"['스타일', '유목']"
175,옷 욕심도 많고 패션에 관심이 많아서 쇼핑을 자주하는데 이게 꽤 부담이더라구요ㅠㅠ 근데 여기선 렌탈도 가능하고 셰어도 해서 너무 좋아요! 다양한 아이템 구경하는 재미도 쏠쏠하네여 앞으로 계속 쓸거에요!,옷욕심도많고패션에관심이많아서쇼핑을자주하는데이게꽤부담이더라구요ㅠㅠ근데여기선렌탈도가능하고셰어도해서너무좋아요다양한아이템구경하는재미도쏠쏠하네여앞으로계속쓸거에요,"['욕심', '패션', '관심', '쇼핑', '자주', '데이', '부담', '기선', '렌탈', '셰어', '도해', '아이템', '구경', '재미', '계속']"
176,이런 앱을 이제야 알다니 입고싶은 옷은 있는데 가격대도 있고 자주 입을 것 같지는 않고 고민은 되고 그리고 근처에 대여점도 없고 여기는 와 배송도 해주고 세탁걱정이 없으니까 너무 좋네요 특히 배송이 맘에 ㅂ니다! 번창하세요!,이런앱을이제야알다니입고싶은옷은있는데가격대도있고자주입을것같지는않고고민은되고그리고근처에대여점도없고여기는와배송도해주고세탁걱정이없으니까너무좋네요특히배송이맘에ㅂ니다번창하세요,"['이제야', '알다', '가격', '주입', '고민', '근처', '대여', '점도', '배송', '세탁', '걱정', '배송', '이맘', '번창']"
177,괜찮은 상품 찾기 너무 어렵고 괜찮은건 열리자마자 1초만에 마감됨.,괜찮은상품찾기너무어렵고괜찮은건열리자마자1초만에마감됨,"['상품', '찾기']"
178,깔끔하게 옷 렌탈해서 입을수있어서 너무 좋아요 :),깔끔하게옷렌탈해서입을수있어서너무좋아요,['옷렌탈']
179,"처음 써보는데 원하는 옷, 가방 빌릴 수 있고",처음써보는데원하는옷가방빌릴수있고,"['처음', '가방']"
180,클로젯셰어가 있어서 소비가 줄고 있어요!! 일회성이 강한 옷들은 공유옷장으로 빌려입으니 제 옷장에게도 지구에게도 일석이조인 것 같아 너무 만족하며 사용하고 있어요 :),클로젯셰어가있어서소비가줄고있어요일회성이강한옷들은공유옷장으로빌려입으니제옷장에게도지구에게도일석이조인것같아너무만족하며사용하고있어요,"['셰어', '소비', '가줄', '요일', '이강', '공유', '옷장', '옷장', '지구', '일석이조', '사용']"
181,"앱 자체 내에 에러도 없고, 옷 대여가능 여부도 빠르게 확인가능합니다. 그리고 고객센터와 연결이 편리한 점이 아주 좋았습니다",앱자체내에에러도없고옷대여가능여부도빠르게확인가능합니다그리고고객센터와연결이편리한점이아주좋았습니다,"['체내', '에러', '가능', '확인', '고객', '센터', '연결', '이아주']"
182,환경 보호 차원에서도 좋은 서비스이고 옷이 예전보다 자꾸 많아지네요~ 그런데 실제로 보거나 입어보질 못하니 멤버십 이용하면서 항상 반은 실패해요..ㅜ,환경보호차원에서도좋은서비스이고옷이예전보다자꾸많아지네요그런데실제로보거나입어보질못하니멤버십이용하면서항상반은실패해요ㅜ,"['환경보호', '차원', '서비스', '예전', '자꾸', '실제', '멤버십', '상반']"
183,"평소 미니멀 라이프를 꿈꾸고 있었는데, 딱 원하던 서비스입니다.",평소미니멀라이프를꿈꾸고있었는데딱원하던서비스입니다,"['평소', '미니', '라이프', '서비스']"
184,화려한 옷을 좋아하는 사람이라면 정말 유용해요!,화려한옷을좋아하는사람이라면정말유용해요,"['사람', '라면', '정말']"
185,"쇼핑몰에서 옷 고를때처럼 모델 착용샷이 있으면 옷 고르는 소비자 입장에서는 더 편할 것 같아요. 그리고 패션업계나 패션에 엄청 돈 쓰는 분들 아닌 평범한 소비자가 쓰기에는 가격대가 좀 비싼것 같네요😭😭 평범한 미니멀리스트로서 옷을 대여한다는 아이디어가 좋아서 다운받아봤는데 너무 비싸고, 입으면 어떤 핏일지 가늠이 안돼서 선택하기 어려워요.",쇼핑몰에서옷고를때처럼모델착용샷이있으면옷고르는소비자입장에서는더편할것같아요그리고패션업계나패션에엄청돈쓰는분들아닌평범한소비자가쓰기에는가격대가좀비싼것같네요평범한미니멀리스트로서옷을대여한다는아이디어가좋아서다운받아봤는데너무비싸고입으면어떤핏일지가늠이안돼서선택하기어려워요,"['쇼핑몰', '모델', '착용', '소비자', '입장', '패션', '업계', '패션', '소비자', '쓰기', '가격', '좀비', '미니', '멀리', '스트로', '대여', '아이디어', '다운', '일지', '가늠', '이안', '선택']"
186,비싸서 입을 엄두도 못 냈던 옷들을 직접 입을 수 있어서 너무 너무 좋아요!! 명품들 렌터하는 거 치고 가격도 그리 비싼 편이 아닌 거 같아서 좋은 거 같아요!,비싸서입을엄두도못냈던옷들을직접입을수있어서너무너무좋아요명품들렌터하는거치고가격도그리비싼편이아닌거같아서좋은거같아요,"['엄두', '직접', '명품', '가격', '편이']"
187,옷과 가방을 보냄. 1-2주 넘게 아무런 연락 없음.,옷과가방을보냄12주넘게아무런연락없음,"['가방', '연락']"
188,"평소 입어보고 싶었지만 막상 사기엔 한두번 입을 것 같은 옷들 입기에도 좋고,",평소입어보고싶었지만막상사기엔한두번입을것같은옷들입기에도좋고,"['평소', '막상', '사기']"
189,패션에 관심이 많다보니 당연히 클로젯셰어도 가입하게되었네요 취지도 좋고 실생활에 무척 유용하니 이런어플 정말 칭찬합니다 없어지지말고 쭉 이어지면 좋겟네여,패션에관심이많다보니당연히클로젯셰어도가입하게되었네요취지도좋고실생활에무척유용하니이런어플정말칭찬합니다없어지지말고쭉이어지면좋겟네여,"['패션', '관심', '셰어', '가입', '취지', '실생활', '무척', '어플', '정말', '칭찬']"
190,특별한 날때마다 옷을 사야해서 걱정이 많았어요. 그런데 이 어플을 통해서 옷 걱정 고민따윈 없어졌어요. 그리고 그날마다 그 옷 하루만 있으면 되는데 빌리는 게 더 비용이 저렴하더라고요. 그점에서 너무 좋았어요.,특별한날때마다옷을사야해서걱정이많았어요그런데이어플을통해서옷걱정고민따윈없어졌어요그리고그날마다그옷하루만있으면되는데빌리는게더비용이저렴하더라고요그점에서너무좋았어요,"['날때', '을사', '걱정', '어플', '통해', '걱정', '고민', '그날', '하루', '더비', '용이']"
191,옷을 사도 여러번 못입고 질려하는 편인데,옷을사도여러번못입고질려하는편인데,['사도']
192,다른 분들 말씀처럼 흰바탕만 나온다던지 하며 앱안정성이 심히 불안정하네요. 오래가는 서비스로 남으려면 보완이 시급하다고 생각되고요. 4박 5일의 정해진 렌트기간도 불필요하다고 느껴져요. 다양한 이용권과 필터가 생겼음 좋겠네요. 그리고 한가지 궁금한 점이 있는데 정품인증은 하고 있는건가요?,다른분들말씀처럼흰바탕만나온다던지하며앱안정성이심히불안정하네요오래가는서비스로남으려면보완이시급하다고생각되고요4박5일의정해진렌트기간도불필요하다고느껴져요다양한이용권과필터가생겼음좋겠네요그리고한가지궁금한점이있는데정품인증은하고있는건가요,"['말씀', '바탕', '안정', '서비스', '보완', '생각']"
193,화면도 안뜨고 렉은 렉대로 먹고 뭐하는거죠..??.. 캡쳐 다해놨고 어플 기다리다가 속 터지겠습니다 계속 켜봐도 화면이 안떠요 아무것도 못하고 지웁니다,화면도안뜨고렉은렉대로먹고뭐하는거죠캡쳐다해놨고어플기다리다가속터지겠습니다계속켜봐도화면이안떠요아무것도못하고지웁니다,"['화면', '도안', '캡쳐', '어플', '가속', '계속', '도화면', '이안', '아무']"
194,아이디어는 좋고 저도 몇 번 써봤는네 고객응대가 기본도 매뉴얼도 이해도 없고 개판 오분전 와장창창.,아이디어는좋고저도몇번써봤는네고객응대가기본도매뉴얼도이해도없고개판오분전와장창창,"['아이디어', '고저', '몇번', '고객', '응대', '기본', '매뉴얼', '이해도', '개판', '분전']"
195,백만원짜리 맡겨도 하루에 오백원들어오고 뭐 세탁기간 반납기간 이런거 빼면 계속 빌려간다쳐도 세달동안 삼만원도 안들어와요 ㅋㅋㅋ 그리고 시간지나면 상태점수도 알아서 깎여서 돈도 덜 들어와요 ㅎ 최악이었던건 옷다시 돌려받았는데 세탁도 안하고 보내서 잔뜩 더러워져서 왔어요 ㅋㅋ 그래서 다시 돌려보냈는데 뭐 진행사항이런거 안내도 없다가 세탁해서 다시 보내놨더라고요 이런식으로 하면 누가 쉐어를 할까요? 호기심에 해봤었는데 어플 삭제합니다 ..이만얼마 벌자고 비싼옷 맡겨서 상태는 또ㅜ에휴,백만원짜리맡겨도하루에오백원들어오고뭐세탁기간반납기간이런거빼면계속빌려간다쳐도세달동안삼만원도안들어와요ㅋㅋㅋ그리고시간지나면상태점수도알아서깎여서돈도덜들어와요ㅎ최악이었던건옷다시돌려받았는데세탁도안하고보내서잔뜩더러워져서왔어요ㅋㅋ그래서다시돌려보냈는데뭐진행사항이런거안내도없다가세탁해서다시보내놨더라고요이런식으로하면누가쉐어를할까요호기심에해봤었는데어플삭제합니다이만얼마벌자고비싼옷맡겨서상태는또ㅜ에휴,"['백만원', '하루', '오백원', '세탁기', '반납', '기간', '계속', '간다', '도세', '달동', '삼만원', '도안', '상태', '점수', '최악', '다시', '세탁', '도안', '잔뜩', '다시', '진행', '사항', '누가', '쉐어', '호기심', '어플', '삭제', '상태']"
196,종료하고 다시 열어도 제품페이지로 바로 연결되고 거기에서 나가면 request entity too large라고 뜹니다,종료하고다시열어도제품페이지로바로연결되고거기에서나가면requestentitytoolarge라고뜹니다,"['종료', '어도', '제품', '페이지', '연결', '거기', '가면']"
197,"매번 어떤 신상 올라오는지 보는 재미도 쏠쏠하고! 옷 쇼핑 지출이 막대했는데, 옷에 돈을 덜 쓰는 것 같아 좋아요😇😇😇",매번어떤신상올라오는지보는재미도쏠쏠하고옷쇼핑지출이막대했는데옷에돈을덜쓰는것같아좋아요,"['신상', '지보', '재미', '쇼핑', '지출', '막대']"
198,클로젯셰어 이용자입니다 ㅎㅎ 친구 추천받고 깔고 이용해보는데 배송도 빠르고 이용하기가 쉽네요,클로젯셰어이용자입니다ㅎㅎ친구추천받고깔고이용해보는데배송도빠르고이용하기가쉽네요,"['셰어', '이용자', '친구', '추천', '배송', '가쉽']"
199,아직 남성복은 부족하지만 점점 서비스가 괜찮아지는 것 같네요.,아직남성복은부족하지만점점서비스가괜찮아지는것같네요,"['남성', '복은', '점점', '서비스']"
200,너무 렉이 많이 자주 걸려서 화가 나네요,너무렉이많이자주걸려서화가나네요,"['자주', '화가']"
201,타인의 옷을 위탁받아서 수익을 창출하는 시스템 구조를 가지고 있으면 적어도 오픈적으로 고객센터를,타인의옷을위탁받아서수익을창출하는시스템구조를가지고있으면적어도오픈적으로고객센터를,"['위탁', '수익', '출하', '시스템', '구조', '가지', '오픈', '고객', '센터']"
202,자주 바꿔 입어야하는 옷을 이런 유용한 앱으로 일할때도 편리하게 직접 기사님이 와주셔서 좋아요,자주바꿔입어야하는옷을이런유용한앱으로일할때도편리하게직접기사님이와주셔서좋아요,"['자주', '유용', '직접', '기사']"
203,"일단 앱 자체가 느려터졌고, 정기권 구입으로 중요한 날에 대여하려고 했지만 원하는 옷, 가방은 한달 내내 대여중. 대여 기다리다가 시간만 보내는 중입니다.",일단앱자체가느려터졌고정기권구입으로중요한날에대여하려고했지만원하는옷가방은한달내내대여중대여기다리다가시간만보내는중입니다,"['자체', '정기권', '구입', '대여', '려고', '가방', '은한', '여중']"
204,옷 종류도 부족하고 결제한 후에는 더 할인해 주는 혜택을 뿌리시네요 ㅠㅠ 무엇보다 옷 빌렸는데 사이즈도 들쭉날쭉에 상세페이지에서는 확인 못하는 실루엣 차이 때문에 한번도 못 입었어요! 환불 받고 싶어도 이미 옷 빌렸으니 환불도 못하고 이용권 정지도 일일히 상담원이랑 톡하면서 해야 되네요? 참신한 bm이어서 소비자에게 편리한 서비스일 줄 알았는데 너무 불편해서 처음으로 리뷰 남깁니다.,옷종류도부족하고결제한후에는더할인해주는혜택을뿌리시네요ㅠㅠ무엇보다옷빌렸는데사이즈도들쭉날쭉에상세페이지에서는확인못하는실루엣차이때문에한번도못입었어요환불받고싶어도이미옷빌렸으니환불도못하고이용권정지도일일히상담원이랑톡하면서해야되네요참신한bm이어서소비자에게편리한서비스일줄알았는데너무불편해서처음으로리뷰남깁니다,"['종류', '결제', '혜택', '사이즈', '들쭉날쭉', '상세', '페이지', '확인', '실루엣', '차이', '때문', '한번', '환불', '환불', '이용권', '정지', '일일', '상담', '서해', '소비자', '서비스', '처음', '리뷰']"
205,앱개선좀 해주세요 제발 ㅠㅠㅠㅠ 서비스 너무 쓰고 싶은데 앱이 너무 구려서 화나서 못해먹겠어요 ㅠㅠ virtusize는 뭔지 제대로 동작도 안하고 그래서 위에 있는게 옷사이즈인지 밑에 있는게 옷사이즈란건지 창은 왜자꾸 위에 서너개씩 중첩이 돼요ㅜㅠ 왜 옷 누른 다음에 대여하러가기를 다시 눌러야 하는건데요ㅠㅠㅠㅠ 이전에 쓰다가 그때도 앱 때문에 화나서 멤버십 끊었는데 개선좀 됐으려나 했더니 지금은 더 복잡하고 심각해져 있네요 제돈좀 가져가요 제발 ㅠㅠ,앱개선좀해주세요제발ㅠㅠㅠㅠ서비스너무쓰고싶은데앱이너무구려서화나서못해먹겠어요ㅠㅠvirtusize는뭔지제대로동작도안하고그래서위에있는게옷사이즈인지밑에있는게옷사이즈란건지창은왜자꾸위에서너개씩중첩이돼요ㅜㅠ왜옷누른다음에대여하러가기를다시눌러야하는건데요ㅠㅠㅠㅠ이전에쓰다가그때도앱때문에화나서멤버십끊었는데개선좀됐으려나했더니지금은더복잡하고심각해져있네요제돈좀가져가요제발ㅠㅠ,"['개선', '제발', '서비스', '구려', '제대로', '동작', '도안', '서위', '사이즈', '사이', '즈란', '자꾸', '서너', '중첩', '왜옷', '대여', '에쓰', '다가', '때문', '멤버십', '개선', '지금', '제돈', '제발']"
206,넘 좋아요 일단 가격대비 합리적,넘좋아요일단가격대비합리적,"['가격', '비합리적']"
207,옷도 임블리나 치유옷있으면서 빨리 반납하려하니 계속 더 사용하라고 계속 이야기하고 그래도 싫다하니 어차피 빨리 반납안된다고 한달 채울때까지 한참을 기다려야한다고함.,옷도임블리나치유옷있으면서빨리반납하려하니계속더사용하라고계속이야기하고그래도싫다하니어차피빨리반납안된다고한달채울때까지한참을기다려야한다고함,"['임블', '리나', '치유', '반납', '계속', '사용', '계속', '이야기', '어차피', '반납', '한참', '고함']"
208,인스타 광고보고 설치하고 부푼 마음으로,인스타광고보고설치하고부푼마음으로,"['인스타', '광고', '보고', '설치', '마음']"
209,검색이 안되니까 시장통에서 무더기옷 헤집으면서 찾아야하는 기분인데 이것저것 보는것도 느리니까 너무 답답해요,검색이안되니까시장통에서무더기옷헤집으면서찾아야하는기분인데이것저것보는것도느리니까너무답답해요,"['검색', '장통', '무더기', '기분']"
210,사진의 양이 많아서 그런건지 모르겠지만 자주 먹통이 되는거 같아요.,사진의양이많아서그런건지모르겠지만자주먹통이되는거같아요,"['진의', '자주', '먹통']"
211,"분명 배송 받을때 오후 2시에서 7시 사이 배송된다하고 7시 이후 9시쯤 배송 되구요, 회수도 2시-7시 사이 이루어 진다고 하면서 항상 12시-1시 사이 회수하러 오시네요. 안내된 배송/회수 시간을 바꾸던지, 철저히 2시-7시로 지켜지게 되었으면 좋겠어요. 외출 시 혹시나 일찍 회수 하러 올지몰라 항상 마음 졸여요.",분명배송받을때오후2시에서7시사이배송된다하고7시이후9시쯤배송되구요회수도2시7시사이이루어진다고하면서항상12시1시사이회수하러오시네요안내된배송회수시간을바꾸던지철저히2시7시로지켜지게되었으면좋겠어요외출시혹시나일찍회수하러올지몰라항상마음졸여요,"['분명', '배송', '오후']"
212,어플에서 직접 이용중인 서비스 해지를 못하고 직원과 컨택이 되어야만 서비스를 해지할 수 있도록 해둠,어플에서직접이용중인서비스해지를못하고직원과컨택이되어야만서비스를해지할수있도록해둠,"['어플', '직접', '이용', '서비스', '해지', '직원', '컨택', '서비스', '해지']"
213,의류의 질과 종류가 굉장히 좋습니다. 서비스는 만족스럽습니다. 그러나 그만큼 앱도 신경을 써주셨으면 좋겠어요.,의류의질과종류가굉장히좋습니다서비스는만족스럽습니다그러나그만큼앱도신경을써주셨으면좋겠어요,"['의류', '종류', '서비스', '신경']"
214,자주 입지 않을 스타일의 옷들을,자주입지않을스타일의옷들을,"['자주', '입지', '스타일']"
215,클로젯쉐어는 좋은데 맨날 하얀색으로 멈추거나 (상품 안 뜬 채) 되돌아가기 누르면 항상 정해진 배열로 다시 맞춰져있거나 오류가 많은데 오래도록 안고쳐주시네요 앱 자체는 불편해요 ㅠ,클로젯쉐어는좋은데맨날하얀색으로멈추거나상품안뜬채되돌아가기누르면항상정해진배열로다시맞춰져있거나오류가많은데오래도록안고쳐주시네요앱자체는불편해요ㅠ,"['쉐어', '하얀색', '상품', '항상', '정해진', '배열', '오류', '안고', '자체']"
216,불편을드려죄송하단말만나오고,불편을드려죄송하단말만나오고,"['불편', '단말']"
217,클로젯셰어를 이용하면서 제 삶은 한결 편안해졌죠,클로젯셰어를이용하면서제삶은한결편안해졌죠,"['셰어', '이용', '한결']"
218,예전부터 쓰는데 옷종류도 많아지고 남성 의류도 생겨서 좋아요!!! 가방대여도 되고 최고!,예전부터쓰는데옷종류도많아지고남성의류도생겨서좋아요가방대여도되고최고,"['예전', '종류', '남성', '의류', '가방', '최고']"
219,스쉐는 문제 대체방안이 진짜 그지같아요 ㅜ 아침부터 기분 잡쳤네요 ㅜㅜ 여러뷴들!! 내돈내산하고 기분상하고 싶다면 스쉐 많~~~이 이용하세오^^^ 저는 이용 안 할렵니다 ^^^^^ 아침부터 개빡치네여,스쉐는문제대체방안이진짜그지같아요ㅜ아침부터기분잡쳤네요ㅜㅜ여러뷴들내돈내산하고기분상하고싶다면스쉐많이이용하세오저는이용안할렵니다아침부터개빡치네여,"['스쉐', '대체', '방안', '진짜', '아침', '분잡', '기분', '스쉐', '이용', '는이용안할렵', '아침']"
220,본인은 다음주에 부케를 받아야해서 옷을 사려다 이 앱을 깔고 10분만에 지운 이유를 알리고자함.,본인은다음주에부케를받아야해서옷을사려다이앱을깔고10분만에지운이유를알리고자함,"['본인', '다음주', '부케', '사려']"
221,"저는 1년 정도 앱을 사용했고 거의 셰어러로만 앱을 활용했는데요, 확실히 옷장 정리에 도움이 되고 안쓰는 물건들이 적은 금액이나마 부수입으로 역할을 하고 있습니다",저는1년정도앱을사용했고거의셰어러로만앱을활용했는데요확실히옷장정리에도움이되고안쓰는물건들이적은금액이나마부수입으로역할을하고있습니다,[]
222,옷검색뿐아니라 인기 쉐어러도 잘 찾을 수있으면 좋겠네요 쉐어러에 대한 검색은 전혀없네요,옷검색뿐아니라인기쉐어러도잘찾을수있으면좋겠네요쉐어러에대한검색은전혀없네요,"['검색', '라인', '쉐어', '쉐어', '대한', '검색', '전혀']"
223,예쁜 옷이 많고 제가 대여한 옷들 상태가 좋았어요,예쁜옷이많고제가대여한옷들상태가좋았어요,"['가대', '상태']"
224,"예전에 ANNE을 사용해본 사람이라면 같은 의견이겠지만, 앤은 대부분 사진보다 실제가 더 예뻤는데, 클로젯은 대부분 실물이 사진보다 별로예요. 대안이 없어서 클로젯을 사용하기는 하지만 썩 맘에들진 않아요.",예전에ANNE을사용해본사람이라면같은의견이겠지만앤은대부분사진보다실제가더예뻤는데클로젯은대부분실물이사진보다별로예요대안이없어서클로젯을사용하기는하지만썩맘에들진않아요,"['예전', '을사', '용해', '사람', '라면', '의견', '대부분', '사진', '실제', '대부분', '실물', '사진', '별로', '안이', '서클', '사용', '썩맘']"
225,"공유 옷장이라는 것이 신선해서 적당한 기대감으로 이용해봄. 한 달 동안 사용하면서 너무 많은 부분이 불편하고 제품도, cs도, 앱도 모두 불만족스러웠음. 공유 시스템에 대한 불신까지 퍼질 지경.",공유옷장이라는것이신선해서적당한기대감으로이용해봄한달동안사용하면서너무많은부분이불편하고제품도cs도앱도모두불만족스러웠음공유시스템에대한불신까지퍼질지경,"['공유', '옷장', '대감', '이용', '달동', '부분', '제품', '도앱', '불만족', '공유', '시스템', '불신', '지경']"
226,특별한 날 입고 싶은 옷이나 다른 스타일의 옷을 도전해보고 싶을 때 이용하기 좋아요~,특별한날입고싶은옷이나다른스타일의옷을도전해보고싶을때이용하기좋아요,"['스타일', '도전']"
227,앱 불편하다는 리뷰가 천지인데 여전하네요,앱불편하다는리뷰가천지인데여전하네요,"['리뷰', '천지']"
228,일이만원짜리 서비스도 아닌데,일이만원짜리서비스도아닌데,"['일이만원', '서비스']"
229,오류가 잦고 ux측면에서 개선이 필요한것 같습니다,오류가잦고ux측면에서개선이필요한것같습니다,"['오류', '측면', '개선']"
230,현재 아이폰8을 사용중이며 서비스를 이용하려 앱을 다운받았는데 할인전 안내로 인해 다른 서비스 이용 페이지로 넘어가지 않습니다. 확인 부탁드립니다.,현재아이폰8을사용중이며서비스를이용하려앱을다운받았는데할인전안내로인해다른서비스이용페이지로넘어가지않습니다확인부탁드립니다,"['현재', '아이폰', '을사', '서비스', '이용', '다운', '할인', '안내', '서비스', '이용', '페이지', '확인']"
231,상품을 클릭해서 상세정보를 보고 뒤로가기를 누르면 1페이지 가장 상단으로 돌아가니...매번 너무 불편해요😕,상품을클릭해서상세정보를보고뒤로가기를누르면1페이지가장상단으로돌아가니매번너무불편해요,"['상품', '클릭', '상세', '정보', '보고', '가기', '페이지', '가장', '상단']"
232,옷 입어보고 다시 올릴게요 좋은 사이트 인거같아요,옷입어보고다시올릴게요좋은사이트인거같아요,['사이트']
233,옷 보고난뒤에,옷보고난뒤에,['보고']
234,고객센터 번호도 없고 채팅이라고 있는데 칼답안하면 종료되네요^^ 문제가 있으면 고객탓하고 뭐 문제가 있는데 답변을 못들으니..이런 곳 처음봐요 절대 다시는 이용하고 싶지 않은 곳.,고객센터번호도없고채팅이라고있는데칼답안하면종료되네요문제가있으면고객탓하고뭐문제가있는데답변을못들으니이런곳처음봐요절대다시는이용하고싶지않은곳,"['고객', '센터', '번호', '채팅', '답안', '종료', '문제', '고객', '문제', '답변', '처음', '절대', '이용']"
235,브랜드 매번 새로 체크박스 설정하고 검색하는거 귀찮아요 ㅠㅠ 고정값으로 설정될수있게 만들어주세요,브랜드매번새로체크박스설정하고검색하는거귀찮아요ㅠㅠ고정값으로설정될수있게만들어주세요,"['브랜드', '체크박스', '설정', '검색', '고정', '설정']"
236,필터 검색하거나 할때 넘어가는게 느려요 ㅠ 개선되었으면 좋겠어요!,필터검색하거나할때넘어가는게느려요ㅠ개선되었으면좋겠어요,"['필터', '검색', '거나', '개선']"
237,굳이 회원탈퇴 기능 어플에 만들어 놓지도 않고,굳이회원탈퇴기능어플에만들어놓지도않고,"['굳이', '회원', '탈퇴', '기능', '어플']"
238,바로 안해주고? 요즘 그렇게 하는데가 어딨다고 보통 익일에 해주지않나요? 너무 구려요,바로안해주고요즘그렇게하는데가어딨다고보통익일에해주지않나요너무구려요,"['안해', '요즘', '보통', '익일', '구려']"
239,이미 구매한 옷으로 수익창출이 가능하고,이미구매한옷으로수익창출이가능하고,['수익']
240,비싼돈주고 구입안하고 급할때 요긴합니다,비싼돈주고구입안하고급할때요긴합니다,"['고구', '입안', '요긴']"
241,아이패드로 크게 보고 싶은데 개선해주세요,아이패드로크게보고싶은데개선해주세요,"['아이패드', '로크', '개선']"
242,"배송도 빨랐고, 맘에 듭니다.",배송도빨랐고맘에듭니다,"['배송', '듭니']"
243,카테고리나 상품목록을 누르면 아무것도 안나와요. 메인에 뜬 옷 하나하나 정보는 눌러지는데 어떤옷 있나 보고싶은데 목록이 하나도 안뜹니다.,카테고리나상품목록을누르면아무것도안나와요메인에뜬옷하나하나정보는눌러지는데어떤옷있나보고싶은데목록이하나도안뜹니다,"['카테고리', '상품', '목록', '안나', '메인', '정보', '목록', '이하나', '도안']"
244,고퀄의 좋은옷을 부담없이 입어볼수 있어서 좋아요.,고퀄의좋은옷을부담없이입어볼수있어서좋아요,['부담']
245,첫 결제하여 잘 사용중입니다. 옷의 질과 스타일은 논외로 하고 시스템 상 불편한 점이 있어 개선요청드립니다.,첫결제하여잘사용중입니다옷의질과스타일은논외로하고시스템상불편한점이있어개선요청드립니다,"['결제', '사용', '스타일', '외로', '시스템', '개선', '요청']"
246,저한테 딱 맞는 어플이네요,저한테딱맞는어플이네요,['어플']
247,모바일 어플로 키면 계속 벚꽃시즌 어쩌구 팝업창이 뜨는데 엑스 눌러도 계속 나와서 옷을 볼수가 없음 뭐하자는건지,모바일어플로키면계속벚꽃시즌어쩌구팝업창이뜨는데엑스눌러도계속나와서옷을볼수가없음뭐하자는건지,"['모바일', '어플', '로키', '계속', '벚꽃', '시즌', '팝업창', '엑스', '계속', '하자']"
248,4아이패드에서 열었을 때 뒤로가기 버튼이 없어요.(아이폰은 됨),4아이패드에서열었을때뒤로가기버튼이없어요아이폰은됨,"['아이패드', '때뒤', '가기', '버튼', '아이폰']"
249,되돌아가기 버튼이 안눌려요 어찌 어찌하다가 우연히 눌려져도 상품 개수가 0으로 뜨는 둥 불편한 점이 너무 많네요..ㅠㅠ,되돌아가기버튼이안눌려요어찌어찌하다가우연히눌려져도상품개수가0으로뜨는둥불편한점이너무많네요ㅠㅠ,"['버튼', '이안눌', '눌려', '상품', '개수']"
250,좀 느리고 뒤로 가기 눌러서 제자리로 안오고,좀느리고뒤로가기눌러서제자리로안오고,"['가기', '제자리', '로안']"
251,"멤버십, 쉐어러, 교환/회수 시스템은 좋습니다! 학생에게는 부담스러울 수 있겠지만 직장인들에게는 합리적인 가격인 듯 해요. 그리고 이용자들끼리도 대여할 수 있게 쉐어러 시스템을 만들어서 다양한 옷을 빌릴 수 있는 게 좋네요.",멤버십쉐어러교환회수시스템은좋습니다학생에게는부담스러울수있겠지만직장인들에게는합리적인가격인듯해요그리고이용자들끼리도대여할수있게쉐어러시스템을만들어서다양한옷을빌릴수있는게좋네요,"['멤버십', '쉐어', '교환', '회수', '시스템', '학생', '직장인', '합리', '격인', '듯해', '이용자', '끼리', '대여', '쉐어', '러시', '스템']"
252,금방 옷이 질려버리는 사람으로서 구원자같은 서비스인 만큼 어플 사용하면서 느끼는 불편함들이 너무너무 안타까워요ㅠㅠ 웬만한 쇼핑몰 앱 만큼만 해도 워낙 유일무이한 서비스라 잘 될 것 같은데 말이죠!,금방옷이질려버리는사람으로서구원자같은서비스인만큼어플사용하면서느끼는불편함들이너무너무안타까워요ㅠㅠ웬만한쇼핑몰앱만큼만해도워낙유일무이한서비스라잘될것같은데말이죠,"['금방', '사람', '구원', '서비스', '어플', '사용', '쇼핑몰', '해도', '워낙', '유일', '서비스']"
253,인증번호 4자리가 전송이 안되서 가입을 못하고 있어요..,인증번호4자리가전송이안되서가입을못하고있어요,"['인증', '번호', '자리', '전송', '가입']"
254,명품을 저렴하게 대여할 수 있어서 좋아요,명품을저렴하게대여할수있어서좋아요,"['명품', '대여']"
255,앱을 삭제했다가 재다운로드해도 카카오 로그인이 안되네요... 웹으로 들어갈땐 되는데 앱으론 왜 안될까요 ㅜㅜ,앱을삭제했다가재다운로드해도카카오로그인이안되네요웹으로들어갈땐되는데앱으론왜안될까요ㅜㅜ,"['삭제', '가재', '다운로드', '해도', '카카오', '로그인']"
256,앞으로 자주 애용하겠습니다 ㅎ,앞으로자주애용하겠습니다ㅎ,"['자주', '애용']"
257,브랜드로 검색하기 기능이 추가되면 좋겠습니다.,브랜드로검색하기기능이추가되면좋겠습니다,"['브랜드', '검색', '기능', '추가']"
258,최고에요.,최고에요,['최고']
259,전체보기가 미리 나와있으면 좋겠고,전체보기가미리나와있으면좋겠고,"['전체', '보기', '미리']"
260,"앱 구동하는데 너무 무겁고 오류가 많아요,,,,,",앱구동하는데너무무겁고오류가많아요,"['구동', '오류']"
261,몇개월 이용한 후기 올립니다,몇개월이용한후기올립니다,"['몇개', '이용', '후기']"
262,셰어링 했다가 기간 지나고,셰어링했다가기간지나고,['셰어']
263,한혜연님 유투브보고 결제를 했는데 맘에 드는 옷을 제가 필요할 때 빌리기 어려웠습니다.,한혜연님유투브보고결제를했는데맘에드는옷을제가필요할때빌리기어려웠습니다,"['한혜연', '유투브', '보고', '결제', '에드', '을제']"
264,앱구매이력삭제요청 합니다,앱구매이력삭제요청합니다,"['이력', '삭제요청']"
265,뭘 하나 물어봐도 답변이 엄청 엄청 엄청 늦게오고,뭘하나물어봐도답변이엄청엄청엄청늦게오고,['답변']
266,편리하고 좋아요 강추입니다,편리하고좋아요강추입니다,['요강']
267,"상담사분한테 이용권해지,교환요청 문의 드렸는데",상담사분한테이용권해지교환요청문의드렸는데,"['상담사', '이용권', '해지', '교환', '청문']"
268,푸쉬알림설정 해제해놔도 다시 들어가보면 또 체크돼있음 ㅡㅡ 상술진짜 ㅋㅋㅋ,푸쉬알림설정해제해놔도다시들어가보면또체크돼있음ㅡㅡ상술진짜ㅋㅋㅋ,"['알림', '설정', '해제', '다시', '체크', '상술', '진짜']"
269,인증번호 발송이 되지않습니다,인증번호발송이되지않습니다,"['인증', '번호', '발송']"
270,아이폰에서 앱구동이 너무 느려요 답답,아이폰에서앱구동이너무느려요답답,"['아이폰', '구동', '답답']"
271,저가 입을 옷이 없어서 남성 옷도 있었으면 좋겠습니다,저가입을옷이없어서남성옷도있었으면좋겠습니다,"['가입', '남성']"
272,개선돼야할거 같아요,개선돼야할거같아요,['개선']
273,실화야??? 눈을 못믿엇음,실화야눈을못믿엇음,"['실화', '엇음']"
274,팝업창이 계속 뜬채 없어지지도 않는 에러가 나요;;,팝업창이계속뜬채없어지지도않는에러가나요,"['팝업창', '계속', '에러', '가나']"
275,옷들 다 구리고 안 예쁜데ㅋㅋ,옷들다구리고안예쁜데ㅋㅋ,[]
276,전부 여자옷인듯 하네요 그리고 로딩시에 하얀 화면이 오래 지속되네요 로딩인줄 모르고 첨엔 앱 안되는줄! 상품마다 태그를 넣고 필터기능이 좀 더 추가되었으면 좋겠습니다 옷 종류 성별 연령이나 사이즈 등으로 쉽게 검색할수 있도록요. 좋은 컨셉의 서비스이나 아직 개선할점이 많아보입니다.,전부여자옷인듯하네요그리고로딩시에하얀화면이오래지속되네요로딩인줄모르고첨엔앱안되는줄상품마다태그를넣고필터기능이좀더추가되었으면좋겠습니다옷종류성별연령이나사이즈등으로쉽게검색할수있도록요좋은컨셉의서비스이나아직개선할점이많아보입니다,"['부여', '딩시', '화면', '이오', '지속', '로딩', '상품', '태그', '필터', '기능', '좀더', '추가', '종류', '성별', '연령', '사이즈', '검색', '컨셉', '서비스', '개선']"
277,"옷을 고를 때 사진 세장으로만 판단해야 하는데, 어플로 볼때 사진 확대가 되지않아서 옷이 어떤 디테일이 있는지 볼 수 없는 게 많습니다. 감이 안잡혀요.",옷을고를때사진세장으로만판단해야하는데어플로볼때사진확대가되지않아서옷이어떤디테일이있는지볼수없는게많습니다감이안잡혀요,"['사진', '판단', '어플', '볼때', '사진', '확대', '일이']"
278,대여가능으로.변경되었다는 알림온거 타고 들어가면 그 제품이 나와야되는데 안나와요. 그리고 검색 필터링에 드레스나 치마 기장 범위정해서 검색할수있었으면 고르기 참좋을것같습니다 키작녀한테는 바닥에 끌릴만한 옷도 많더라구요이쁘긴한데,대여가능으로변경되었다는알림온거타고들어가면그제품이나와야되는데안나와요그리고검색필터링에드레스나치마기장범위정해서검색할수있었으면고르기참좋을것같습니다키작녀한테는바닥에끌릴만한옷도많더라구요이쁘긴한데,"['가능', '변경', '알림', '타고', '제품', '검색', '필터', '드레스', '치마', '기장', '범위', '정해', '검색', '키작녀', '바닥']"
279,너무너무 앱이 불안정해요,너무너무앱이불안정해요,[]
280,제곧내,제곧내,['제곧내']
281,...,,[]
282,에러가 자주 나요,에러가자주나요,['에러']
283,알림이 너무 자주 떠요,알림이너무자주떠요,"['알림', '자주']"
284,두 개 진짜 치명적인 오류같아요 고쳐주세요~,두개진짜치명적인오류같아요고쳐주세요,"['진짜', '치명', '오류']"
285,한번 보려면 최소 서너번은 강제종료 후 다시 엽니다. 쿠폰 팝업 뜨면 먹통은 다반사. 구형단말 아니구요. XS예요. 그리고 제일 불편한 건.. 리스트에서 제품 본후 뒤로가기 누르면 메인.... 이건 정말 말도 안되지 않나요.. 그렇게 몇번 메인 갔다오면 볼 엄두가 안납니다. 쿠폰을 뿌리기 전에 최소한의 둘러보기라도 편하게 돼야 쓸만한지 판단하지 않을까요.,한번보려면최소서너번은강제종료후다시엽니다쿠폰팝업뜨면먹통은다반사구형단말아니구요XS예요그리고제일불편한건리스트에서제품본후뒤로가기누르면메인이건정말말도안되지않나요그렇게몇번메인갔다오면볼엄두가안납니다쿠폰을뿌리기전에최소한의둘러보기라도편하게돼야쓸만한지판단하지않을까요,"['한번', '최소', '서너', '번은', '강제', '종료', '다시', '쿠폰', '팝업', '먹통', '다반사', '구형', '단말', '제일', '리스트', '제품', '후뒤', '가기', '메인', '이건정', '말말', '몇번', '메인', '면볼', '엄두', '가안', '쿠폰', '뿌리', '기전', '최소한', '둘러보기', '한지', '판단']"
286,50프로 할인해서 써봤더니 괜찮아요! 겨울에는 더욱 유용하게 쓸 것 같아요,50프로할인해서써봤더니괜찮아요겨울에는더욱유용하게쓸것같아요,"['프로', '겨울', '더욱']"
287,"앱 기다렸는데 실망이네요. 최신버전인데도 계속 업데이트 하라고 하질 않나, 이메일 저장에 체크해도 저장이 안 됩니다. 자동 로그인 좀 만들어 주시고요. 로그인 상태에서도 일정 시간 지나면 계속 로그아웃 되네요.",앱기다렸는데실망이네요최신버전인데도계속업데이트하라고하질않나이메일저장에체크해도저장이안됩니다자동로그인좀만들어주시고요로그인상태에서도일정시간지나면계속로그아웃되네요,"['실망', '최신', '버전', '계속', '업데이트', '이메일', '저장', '체크', '해도', '저장', '자동', '로그인', '로그인', '상태', '일정', '계속', '로그아웃']"
288,인스타에서 보자마자 기대하구 설치했습니다,인스타에서보자마자기대하구설치했습니다,"['인스타', '설치']"
289,"아이템이 좋아서 결제한 후, 이제 옷을 선택해야지! 했는데ㅠ 계속 들어가면 흰 바탕의 화면만 보이네요ㅠㅠ",아이템이좋아서결제한후이제옷을선택해야지했는데ㅠ계속들어가면흰바탕의화면만보이네요ㅠㅠ,"['아이템', '결제', '이제', '선택', '계속', '바탕', '화면']"
290,오늘 아침에 결제하고 별로라 취소하려고 아무리 찾아도 없네요. 결국 취소할 수 있는 유일한 방법이 고객센터 통해서만 가능하다네요? 심지어 아주 깨알같이 써놔서 잘 보이지도않고요 ㅋㅋㅋ어이가없네 내일 바로 취소합니다 ㅡㅡ설마 저 위에분처럼 잘못 자동결제되면 진짜 신고하려고요 뭐 이런앱이,오늘아침에결제하고별로라취소하려고아무리찾아도없네요결국취소할수있는유일한방법이고객센터통해서만가능하다네요심지어아주깨알같이써놔서잘보이지도않고요ㅋㅋㅋ어이가없네내일바로취소합니다ㅡㅡ설마저위에분처럼잘못자동결제되면진짜신고하려고요뭐이런앱이,"['오늘아침', '결제', '로라', '취소', '려고', '취소', '방법', '고객', '센터', '통해', '아주', '깨알', '보이지', '취소', '잘못', '자동', '결제']"
291,앱이 별로에요. 잠시 나갓다가 들어오면 초기화 초기화 아아악 보던 화면 날라가는 게 짜증나요. 기본적 구동도 매우 느리구요. 앱 개발에 좀 더 신경써주세욧,앱이별로에요잠시나갓다가들어오면초기화초기화아아악보던화면날라가는게짜증나요기본적구동도매우느리구요앱개발에좀더신경써주세욧,"['별로', '다가', '초기', '초기', '아악', '화면', '기본', '구동', '매우', '개발', '좀더', '신경']"
292,가끔 앱이 열리는데 한~~~~~~~~참 걸려요. 하얀 화면만 보이는 때가 굉장히 잦아서 답답해요. 이 문제는 왜때문인 걸까요? 그리고 UI도 불편해요. 뒤로가기를 누르면 한단계 전으로 가야하는데 메인으로 가게 해놓는다거나.. 제품관리 화면에서 비전시 제품 팝업이 뜨는데 또 판매자 창에는 버젓이 떠있고.. 앱의 신뢰도가 팍팍 떨어져요 ㅠㅠㅠㅠㅠ,가끔앱이열리는데한참걸려요하얀화면만보이는때가굉장히잦아서답답해요이문제는왜때문인걸까요그리고UI도불편해요뒤로가기를누르면한단계전으로가야하는데메인으로가게해놓는다거나제품관리화면에서비전시제품팝업이뜨는데또판매자창에는버젓이떠있고앱의신뢰도가팍팍떨어져요ㅠㅠㅠㅠㅠ,"['가끔', '한참', '화면', '문제', '때문', '가기', '한단', '계전', '메인', '가게', '제품', '관리', '화면', '제품', '팝업', '판매', '신뢰']"
293,닫기 눌렀는데 안닫아지고... 뒤로가기 버튼이 없고... 왼쪽스와이프로 뒤로가기 제스쳐도 안먹히고... 앱을 쓸 수가 없네요,닫기눌렀는데안닫아지고뒤로가기버튼이없고왼쪽스와이프로뒤로가기제스쳐도안먹히고앱을쓸수가없네요,"['가기', '버튼', '왼쪽', '프로', '가기', '제스쳐', '도안']"
294,아이폰 xs 이용자 입니다. 화면 밑에 자바스크립트로 보이는 코드가 노출되고 있는 것 같아요!,아이폰xs이용자입니다화면밑에자바스크립트로보이는코드가노출되고있는것같아요,"['아이폰', '이용자', '화면', '자바스크립트', '코드', '노출']"
295,1. 쿠폰알림,1쿠폰알림,"['쿠폰', '알림']"
296,용량때문에 구매내역삭제 부탁드립니다,용량때문에구매내역삭제부탁드립니다,"['용량', '때문', '삭제']"
297,지금 몇번이나 다운받았다 깔았다 했네요 ㅜㅡㅜ 웹도 앱도 흰화면만 나오고 아무리 기다려도 실행이 안되네요,지금몇번이나다운받았다깔았다했네요ㅜㅡㅜ웹도앱도흰화면만나오고아무리기다려도실행이안되네요,"['지금', '몇번', '다운', '화면', '실행']"
298,정품 옷을 빌려주시는 건가요?,정품옷을빌려주시는건가요,"['정품옷', '가요']"
299,옷도 고가이긴 한데,옷도고가이긴한데,['고가']
300,처음에 광고보고 오 진짜 내가 써보고 싶은 명품백 필요할 땐 저기서 빌리면 되겠다! 하고 가입ㅎㅎ이벤트 쿠폰을 많이줘서 체험용으로 써보는거 낫배드~,처음에광고보고오진짜내가써보고싶은명품백필요할땐저기서빌리면되겠다하고가입ㅎㅎ이벤트쿠폰을많이줘서체험용으로써보는거낫배드,"['처음', '광고', '명품', '가입', '이벤트', '쿠폰', '체험', '배드']"
301,좋은 비즈니스 모델이라 생각하고 기대하고 주문했는데 최악입니다.,좋은비즈니스모델이라생각하고기대하고주문했는데최악입니다,"['비즈니스모델', '생각', '주문', '최악']"
302,아무리 리사이클옷이 있다해도,아무리리사이클옷이있다해도,"['리리', '사이클', '해도']"
303,차라리 그냥 사고말듯;;; 줘도 안입는옷 많아요,차라리그냥사고말듯줘도안입는옷많아요,"['사고', '도안']"
304,"코로나 타격입고 어디 안나가다보니 옷을 안사게되고 그래도 사람이 살다보니 주말에 놀러도 가고, 어디 여행도 조금 갈 수 있고, 뎃뚜도 하고 해야하지 않겠습니까...? 옷은 없고 + 옷 욕심은 많고 다 살순없고....하... 그래서 클로젯셰어 멤버쉽 구매해봤는데 2020올해 옷에 대한 물욕은 이거로 다잡았습니다진심..💜 매달 8피스 절대 적지 않고, 2주마다 4피스씩 새옷 받아입는 느낌이라고생각하면 됨... 올때마다 새옷처럼 포장해서 완전 살균소독 다되어있고 나는 약속에 편하고 이쁘게 고른 옷 짠 입고 다녀와서 잘 개켜서 다음 옷 주문하면 알아서 가져가고 또 새옷 갖다줌...... 물욕도 다잡고, 솔직히 옷 사서 대충입고 버리고 하느니 공유옷장=환경수호라는 생각까지듬..... 심지어 보세 아니고 다 양질의 퀄리티/선별된 옷들이라 입으면 대부분 다 태가 남(사이즈 미스 한두번 있었지만 실측 잘 보고 주문하면 거의 실패 없다고봄니당....) 아무튼 주문하세요. 두번 주문하세요. 클쉐 멤버쉽은 사랑입니다 진짜💜",코로나타격입고어디안나가다보니옷을안사게되고그래도사람이살다보니주말에놀러도가고어디여행도조금갈수있고뎃뚜도하고해야하지않겠습니까옷은없고옷욕심은많고다살순없고하그래서클로젯셰어멤버쉽구매해봤는데2020올해옷에대한물욕은이거로다잡았습니다진심매달8피스절대적지않고2주마다4피스씩새옷받아입는느낌이라고생각하면됨올때마다새옷처럼포장해서완전살균소독다되어있고나는약속에편하고이쁘게고른옷짠입고다녀와서잘개켜서다음옷주문하면알아서가져가고또새옷갖다줌물욕도다잡고솔직히옷사서대충입고버리고하느니공유옷장환경수호라는생각까지듬심지어보세아니고다양질의퀄리티선별된옷들이라입으면대부분다태가남사이즈미스한두번있었지만실측잘보고주문하면거의실패없다고봄니당아무튼주문하세요두번주문하세요클쉐멤버쉽은사랑입니다진짜,"['코로나', '타격', '디안', '사람', '에놀', '여행', '갈수', '뎃뚜', '도하', '고해', '욕심', '살순', '하그', '서클', '셰어', '멤버', '구매', '올해', '물욕', '진심', '매달', '피스', '절대', '주마', '피스', '느낌', '생각', '포장', '완전', '살균', '소독', '약속', '주문', '면알', '또새옷', '줌물욕', '사서', '대충', '공유', '옷장', '환경', '수호', '생각', '양질', '퀄리티선별', '대부분', '다태', '사이즈', '미스', '보고', '주문', '실패', '주문', '주문', '멤버', '사랑', '진짜']"
305,셰어링 신청했는데 수거과정 매우 번거로움.,셰어링신청했는데수거과정매우번거로움,"['셰어', '신청', '수거', '과정', '매우']"
306,수익금 출금할때 아무때나 자동출금 되면 좋겠어요,수익금출금할때아무때나자동출금되면좋겠어요,"['수익금', '출금', '자동', '출금']"
307,1. 일단 쉐어러에게 오는 수익에 대한 설명이 부족,1일단쉐어러에게오는수익에대한설명이부족,[]
308,옷 보내면 한달동안 깜깜 무소식,옷보내면한달동안깜깜무소식,"['달동', '깜깜무소식']"
309,백만원 짜리 옷 빌려주는데 몇백원 주면 누가 옷을 공유할까요?^^ 기재도 해놓으세요^^,백만원짜리옷빌려주는데몇백원주면누가옷을공유할까요기재도해놓으세요,"['백만원', '원주', '누가', '공유', '기재']"
310,직업 특성상 강연을 종종 나가곤 하는데 그때마다,직업특성상강연을종종나가곤하는데그때마다,"['직업', '특성', '강연', '종종']"
311,셰어링을 하기 위해 앱을 설치를 했고,셰어링을하기위해앱을설치를했고,"['셰어', '위해', '설치']"
312,"의류 구매했는데 구매할땐 쏜살 배송 ㅋㅋ 1-2 일만에 도착 ㅋㅋㅋ 근데 사이즈 진짜 엉망으로 올리고 어떤 s 사이즈는 xxs로 봐도 되고, 다른 s사이즈는 또 겁나 크고... 휴 그래도 뭐 구체적 길이 작성하니 그렇다 쳐도.. 반품 바로 신청해서 1-2일이후 도착해도(택배송장조회시 분명 도착했음에도...무한대기 ㅋㅋㅋㅋㅋㅋ)",의류구매했는데구매할땐쏜살배송ㅋㅋ12일만에도착ㅋㅋㅋ근데사이즈진짜엉망으로올리고어떤s사이즈는xxs로봐도되고다른s사이즈는또겁나크고휴그래도뭐구체적길이작성하니그렇다쳐도반품바로신청해서12일이후도착해도택배송장조회시분명도착했음에도무한대기ㅋㅋㅋㅋㅋㅋ,"['의류', '구매', '구매', '배송', '진짜', '엉망', '사이즈', '사이즈', '또겁', '나크', '구체', '길이', '작성', '반품', '신청']"
313,평소에 옷에 관심 엄청 많은데 애엄마라서 옷을 선뜻 사기가 그렇더라고여! 지인이 추천해서 한번 받아봤는뎅! 옷 스타일도 제가 원하는 스타일도 많고! 무엇보다도 렌탈은 물론 셰어도 가능하고 중고판매도 가능하다는 점! 덕분에 돈도 벌었어용^^,평소에옷에관심엄청많은데애엄마라서옷을선뜻사기가그렇더라고여지인이추천해서한번받아봤는뎅옷스타일도제가원하는스타일도많고무엇보다도렌탈은물론셰어도가능하고중고판매도가능하다는점덕분에돈도벌었어용,"['평소', '관심', '엄마', '선뜻', '사기', '고여', '지인', '추천', '한번', '뎅옷', '스타일', '도제', '스타일', '렌탈', '셰어', '중고', '판매', '덕분']"
314,셰어링 해보려고 고가의 가방을 보냈는데 처음 받았던 안내와는 달리 물어보지 않으면 세월아 네월아 창고에 두고두고 촬영준비중이란 말만 돌아오는 시스템.,셰어링해보려고고가의가방을보냈는데처음받았던안내와는달리물어보지않으면세월아네월아창고에두고두고촬영준비중이란말만돌아오는시스템,"['셰어', '가방', '처음', '달리', '세월', '창고', '두고두고', '촬영', '준비', '시스템']"
315,한두번밖에 안입을 것 같아 사기도 뭐하고 하던 와중에 검색하다가 알게됬어요!!!! 옷장에 안입는 옷은 쟁여 놓기는 싫은데 예쁭 옷은 입어야겠고 할때 ㅊㅊ,한두번밖에안입을것같아사기도뭐하고하던와중에검색하다가알게됬어요옷장에안입는옷은쟁여놓기는싫은데예쁭옷은입어야겠고할때ㅊㅊ,"['기도', '와중', '검색', '다가', '옷장', '예쁭옷']"
316,피로연 원피스까지!!👍🏻👍🏻,피로연원피스까지,"['피로연', '원피스']"
317,정액권 구매하자마자 들어가보니 빌릴옷도 형편없어서 바로 취소신청했습니다. 카톡상담으로 취소요청까지했고요. 어플에서는 구매내역이 없다고 뜨고요.,정액권구매하자마자들어가보니빌릴옷도형편없어서바로취소신청했습니다카톡상담으로취소요청까지했고요어플에서는구매내역이없다고뜨고요,"['정액', '구매', '형편', '취소', '신청', '카톡', '상담', '취소', '요청', '어플', '구매']"
318,여자들이라면 공감ㅋㅋㅋㅋ 평소에 비싸서 사기 엄두도 못냈던 브랜드 옷도 같은 가격에 빌릴수 있는 부분이 너무 좋네요. 옷이랑 가방 받아보는 재미로 요즘 삽니다.,여자들이라면공감ㅋㅋㅋㅋ평소에비싸서사기엄두도못냈던브랜드옷도같은가격에빌릴수있는부분이너무좋네요옷이랑가방받아보는재미로요즘삽니다,"['여자', '공감', '평소', '사기', '엄두', '브랜드', '가격', '부분', '가방', '재미', '요즘']"
319,"옷 물량은 많아지는데 입을 만한 옷은 일단 거의 대여중이고, 검색 설정 자체가 한계가 많아서 옷찾기가 모래밭에서 쓸만한 구슬 줏기임.",옷물량은많아지는데입을만한옷은일단거의대여중이고검색설정자체가한계가많아서옷찾기가모래밭에서쓸만한구슬줏기임,"['옷물량', '여중', '검색', '설정', '자체', '한계', '찾기', '모래밭', '구슬', '줏기임']"
